maintenance_id,asset_id,maintenance_type,started_at,completed_at,tool_replaced,source_event_id
MNT-EVT-e839d478a2d6c50a-001,CNC-S02-L03-02,failure_recovery,2026-08-02T20:00:00+09:00,2026-08-03T03:00:00+09:00,0,EVT-e839d478a2d6c50a-001
MNT-EVT-05d3cd03ece82eb9-001,CMP-S04-L03-01,failure_recovery,2026-08-02T23:00:00+09:00,2026-08-03T11:00:00+09:00,0,EVT-05d3cd03ece82eb9-001
MNT-EVT-1f654cd366bb2329-001,CMP-S04-L02-01,failure_recovery,2026-08-03T03:00:00+09:00,2026-08-03T15:00:00+09:00,0,EVT-1f654cd366bb2329-001
MNT-TOOL-CNC-S01-L04-01-0000195,CNC-S01-L04-01,planned_tool_change,2026-08-03T17:00:00+09:00,2026-08-03T17:30:00+09:00,1,
MNT-TOOL-CNC-S04-L03-04-0000196,CNC-S04-L03-04,planned_tool_change,2026-08-03T17:20:00+09:00,2026-08-03T17:50:00+09:00,1,
MNT-TOOL-CNC-S01-L03-03-0000197,CNC-S01-L03-03,planned_tool_change,2026-08-03T17:40:00+09:00,2026-08-03T18:10:00+09:00,1,
MNT-TOOL-CNC-S01-L05-02-0000201,CNC-S01-L05-02,planned_tool_change,2026-08-03T19:00:00+09:00,2026-08-03T19:30:00+09:00,1,
MNT-TOOL-CNC-S01-L05-04-0000201,CNC-S01-L05-04,planned_tool_change,2026-08-03T19:00:00+09:00,2026-08-03T19:30:00+09:00,1,
MNT-TOOL-CNC-S02-L05-01-0000201,CNC-S02-L05-01,planned_tool_change,2026-08-03T19:00:00+09:00,2026-08-03T19:30:00+09:00,1,
MNT-TOOL-CNC-S01-L01-04-0000202,CNC-S01-L01-04,planned_tool_change,2026-08-03T19:20:00+09:00,2026-08-03T19:50:00+09:00,1,
MNT-TOOL-CNC-S01-L03-02-0000202,CNC-S01-L03-02,planned_tool_change,2026-08-03T19:20:00+09:00,2026-08-03T19:50:00+09:00,1,
MNT-TOOL-CNC-S03-L01-02-0000202,CNC-S03-L01-02,planned_tool_change,2026-08-03T19:20:00+09:00,2026-08-03T19:50:00+09:00,1,
MNT-TOOL-CNC-S04-L02-04-0000202,CNC-S04-L02-04,planned_tool_change,2026-08-03T19:20:00+09:00,2026-08-03T19:50:00+09:00,1,
MNT-TOOL-CNC-S01-L04-04-0000203,CNC-S01-L04-04,planned_tool_change,2026-08-03T19:40:00+09:00,2026-08-03T20:10:00+09:00,1,
MNT-TOOL-CNC-S04-L03-01-0000203,CNC-S04-L03-01,planned_tool_change,2026-08-03T19:40:00+09:00,2026-08-03T20:10:00+09:00,1,
MNT-TOOL-CNC-S02-L01-02-0000204,CNC-S02-L01-02,planned_tool_change,2026-08-03T20:00:00+09:00,2026-08-03T20:30:00+09:00,1,
MNT-TOOL-CNC-S04-L04-02-0000204,CNC-S04-L04-02,planned_tool_change,2026-08-03T20:00:00+09:00,2026-08-03T20:30:00+09:00,1,
MNT-TOOL-CNC-S03-L02-03-0000205,CNC-S03-L02-03,planned_tool_change,2026-08-03T20:20:00+09:00,2026-08-03T20:50:00+09:00,1,
MNT-TOOL-CNC-S03-L03-01-0000205,CNC-S03-L03-01,planned_tool_change,2026-08-03T20:20:00+09:00,2026-08-03T20:50:00+09:00,1,
MNT-TOOL-CNC-S01-L04-03-0000206,CNC-S01-L04-03,planned_tool_change,2026-08-03T20:40:00+09:00,2026-08-03T21:10:00+09:00,1,
MNT-TOOL-CNC-S04-L05-01-0000206,CNC-S04-L05-01,planned_tool_change,2026-08-03T20:40:00+09:00,2026-08-03T21:10:00+09:00,1,
MNT-TOOL-CNC-S01-L03-01-0000207,CNC-S01-L03-01,planned_tool_change,2026-08-03T21:00:00+09:00,2026-08-03T21:30:00+09:00,1,
MNT-TOOL-CNC-S04-L04-03-0000207,CNC-S04-L04-03,planned_tool_change,2026-08-03T21:00:00+09:00,2026-08-03T21:30:00+09:00,1,
MNT-TOOL-CNC-S01-L04-02-0000208,CNC-S01-L04-02,planned_tool_change,2026-08-03T21:20:00+09:00,2026-08-03T21:50:00+09:00,1,
MNT-TOOL-CNC-S04-L03-02-0000209,CNC-S04-L03-02,planned_tool_change,2026-08-03T21:40:00+09:00,2026-08-03T22:10:00+09:00,1,
MNT-TOOL-CNC-S01-L03-04-0000213,CNC-S01-L03-04,planned_tool_change,2026-08-03T23:00:00+09:00,2026-08-03T23:30:00+09:00,1,
MNT-TOOL-CNC-S03-L05-03-0000213,CNC-S03-L05-03,planned_tool_change,2026-08-03T23:00:00+09:00,2026-08-03T23:30:00+09:00,1,
MNT-TOOL-CNC-S04-L02-01-0000213,CNC-S04-L02-01,planned_tool_change,2026-08-03T23:00:00+09:00,2026-08-03T23:30:00+09:00,1,
MNT-TOOL-CNC-S03-L02-04-0000215,CNC-S03-L02-04,planned_tool_change,2026-08-03T23:40:00+09:00,2026-08-04T00:10:00+09:00,1,
MNT-TOOL-CNC-S03-L05-01-0000215,CNC-S03-L05-01,planned_tool_change,2026-08-03T23:40:00+09:00,2026-08-04T00:10:00+09:00,1,
MNT-EVT-c297620393846075-001,CNC-S04-L05-01,failure_recovery,2026-08-04T00:00:00+09:00,2026-08-04T08:00:00+09:00,0,EVT-c297620393846075-001
MNT-TOOL-CNC-S02-L04-03-0000217,CNC-S02-L04-03,planned_tool_change,2026-08-04T00:20:00+09:00,2026-08-04T00:50:00+09:00,1,
MNT-TOOL-CNC-S02-L02-04-0000219,CNC-S02-L02-04,planned_tool_change,2026-08-04T01:00:00+09:00,2026-08-04T01:30:00+09:00,1,
MNT-TOOL-CNC-S02-L04-02-0000219,CNC-S02-L04-02,planned_tool_change,2026-08-04T01:00:00+09:00,2026-08-04T01:30:00+09:00,1,
MNT-TOOL-CNC-S01-L05-03-0000221,CNC-S01-L05-03,planned_tool_change,2026-08-04T01:40:00+09:00,2026-08-04T02:10:00+09:00,1,
MNT-TOOL-CNC-S01-L02-02-0000222,CNC-S01-L02-02,planned_tool_change,2026-08-04T02:00:00+09:00,2026-08-04T02:30:00+09:00,1,
MNT-TOOL-CNC-S03-L05-02-0000222,CNC-S03-L05-02,planned_tool_change,2026-08-04T02:00:00+09:00,2026-08-04T02:30:00+09:00,1,
MNT-EVT-668b89a7e32444dd-001,CNC-S03-L03-04,failure_recovery,2026-08-04T02:10:00+09:00,2026-08-04T10:00:00+09:00,1,EVT-668b89a7e32444dd-001
MNT-TOOL-CNC-S01-L01-03-0000223,CNC-S01-L01-03,planned_tool_change,2026-08-04T02:20:00+09:00,2026-08-04T02:50:00+09:00,1,
MNT-TOOL-CNC-S02-L01-04-0000223,CNC-S02-L01-04,planned_tool_change,2026-08-04T02:20:00+09:00,2026-08-04T02:50:00+09:00,1,
MNT-TOOL-CNC-S02-L03-01-0000223,CNC-S02-L03-01,planned_tool_change,2026-08-04T02:20:00+09:00,2026-08-04T02:50:00+09:00,1,
MNT-TOOL-CNC-S02-L03-04-0000224,CNC-S02-L03-04,planned_tool_change,2026-08-04T02:40:00+09:00,2026-08-04T03:10:00+09:00,1,
MNT-TOOL-CNC-S04-L04-01-0000224,CNC-S04-L04-01,planned_tool_change,2026-08-04T02:40:00+09:00,2026-08-04T03:10:00+09:00,1,
MNT-TOOL-CNC-S01-L02-03-0000225,CNC-S01-L02-03,planned_tool_change,2026-08-04T03:00:00+09:00,2026-08-04T03:30:00+09:00,1,
MNT-TOOL-CNC-S02-L05-03-0000226,CNC-S02-L05-03,planned_tool_change,2026-08-04T03:20:00+09:00,2026-08-04T03:50:00+09:00,1,
MNT-TOOL-CNC-S01-L01-01-0000227,CNC-S01-L01-01,planned_tool_change,2026-08-04T03:40:00+09:00,2026-08-04T04:10:00+09:00,1,
MNT-TOOL-CNC-S03-L04-04-0000227,CNC-S03-L04-04,planned_tool_change,2026-08-04T03:40:00+09:00,2026-08-04T04:10:00+09:00,1,
MNT-TOOL-CNC-S02-L01-01-0000229,CNC-S02-L01-01,planned_tool_change,2026-08-04T04:20:00+09:00,2026-08-04T04:50:00+09:00,1,
MNT-TOOL-CNC-S03-L04-01-0000231,CNC-S03-L04-01,planned_tool_change,2026-08-04T05:00:00+09:00,2026-08-04T05:30:00+09:00,1,
MNT-TOOL-CNC-S04-L04-04-0000231,CNC-S04-L04-04,planned_tool_change,2026-08-04T05:00:00+09:00,2026-08-04T05:30:00+09:00,1,
MNT-EVT-5a411b83ac9e48c8-001,CMP-S02-L04-01,failure_recovery,2026-08-04T05:00:00+09:00,2026-08-04T09:00:00+09:00,0,EVT-5a411b83ac9e48c8-001
MNT-TOOL-CNC-S02-L05-02-0000232,CNC-S02-L05-02,planned_tool_change,2026-08-04T05:20:00+09:00,2026-08-04T05:50:00+09:00,1,
MNT-TOOL-CNC-S03-L04-02-0000232,CNC-S03-L04-02,planned_tool_change,2026-08-04T05:20:00+09:00,2026-08-04T05:50:00+09:00,1,
MNT-TOOL-CNC-S04-L02-02-0000232,CNC-S04-L02-02,planned_tool_change,2026-08-04T05:20:00+09:00,2026-08-04T05:50:00+09:00,1,
MNT-TOOL-CNC-S04-L01-03-0000233,CNC-S04-L01-03,planned_tool_change,2026-08-04T05:40:00+09:00,2026-08-04T06:10:00+09:00,1,
MNT-TOOL-CNC-S04-L05-02-0000233,CNC-S04-L05-02,planned_tool_change,2026-08-04T05:40:00+09:00,2026-08-04T06:10:00+09:00,1,
MNT-TOOL-CNC-S03-L04-03-0000234,CNC-S03-L04-03,planned_tool_change,2026-08-04T06:00:00+09:00,2026-08-04T06:30:00+09:00,1,
MNT-TOOL-CNC-S02-L02-01-0000235,CNC-S02-L02-01,planned_tool_change,2026-08-04T06:20:00+09:00,2026-08-04T06:50:00+09:00,1,
MNT-TOOL-CNC-S02-L02-02-0000235,CNC-S02-L02-02,planned_tool_change,2026-08-04T06:20:00+09:00,2026-08-04T06:50:00+09:00,1,
MNT-TOOL-CNC-S04-L03-03-0000235,CNC-S04-L03-03,planned_tool_change,2026-08-04T06:20:00+09:00,2026-08-04T06:50:00+09:00,1,
MNT-TOOL-CNC-S03-L01-04-0000236,CNC-S03-L01-04,planned_tool_change,2026-08-04T06:40:00+09:00,2026-08-04T07:10:00+09:00,1,
MNT-TOOL-CNC-S02-L04-01-0000237,CNC-S02-L04-01,planned_tool_change,2026-08-04T07:00:00+09:00,2026-08-04T07:30:00+09:00,1,
MNT-TOOL-CNC-S03-L02-02-0000239,CNC-S03-L02-02,planned_tool_change,2026-08-04T07:40:00+09:00,2026-08-04T08:10:00+09:00,1,
MNT-EVT-de540c782552b31e-001,CNC-S02-L05-02,failure_recovery,2026-08-04T08:00:00+09:00,2026-08-04T10:00:00+09:00,0,EVT-de540c782552b31e-001
MNT-TOOL-CNC-S03-L01-01-0000241,CNC-S03-L01-01,planned_tool_change,2026-08-04T08:20:00+09:00,2026-08-04T08:50:00+09:00,1,
MNT-TOOL-CNC-S03-L02-01-0000241,CNC-S03-L02-01,planned_tool_change,2026-08-04T08:20:00+09:00,2026-08-04T08:50:00+09:00,1,
MNT-TOOL-CNC-S04-L05-03-0000241,CNC-S04-L05-03,planned_tool_change,2026-08-04T08:20:00+09:00,2026-08-04T08:50:00+09:00,1,
MNT-TOOL-CNC-S01-L05-01-0000242,CNC-S01-L05-01,planned_tool_change,2026-08-04T08:40:00+09:00,2026-08-04T09:10:00+09:00,1,
MNT-TOOL-CNC-S02-L02-03-0000242,CNC-S02-L02-03,planned_tool_change,2026-08-04T08:40:00+09:00,2026-08-04T09:10:00+09:00,1,
MNT-TOOL-CNC-S02-L04-04-0000242,CNC-S02-L04-04,planned_tool_change,2026-08-04T08:40:00+09:00,2026-08-04T09:10:00+09:00,1,
MNT-TOOL-CNC-S01-L01-02-0000243,CNC-S01-L01-02,planned_tool_change,2026-08-04T09:00:00+09:00,2026-08-04T09:30:00+09:00,1,
MNT-TOOL-CNC-S01-L02-04-0000243,CNC-S01-L02-04,planned_tool_change,2026-08-04T09:00:00+09:00,2026-08-04T09:30:00+09:00,1,
MNT-TOOL-CNC-S03-L03-02-0000243,CNC-S03-L03-02,planned_tool_change,2026-08-04T09:00:00+09:00,2026-08-04T09:30:00+09:00,1,
MNT-TOOL-CNC-S04-L01-01-0000243,CNC-S04-L01-01,planned_tool_change,2026-08-04T09:00:00+09:00,2026-08-04T09:30:00+09:00,1,
MNT-TOOL-CNC-S04-L05-04-0000243,CNC-S04-L05-04,planned_tool_change,2026-08-04T09:00:00+09:00,2026-08-04T09:30:00+09:00,1,
MNT-TOOL-CNC-S02-L01-03-0000244,CNC-S02-L01-03,planned_tool_change,2026-08-04T09:20:00+09:00,2026-08-04T09:50:00+09:00,1,
MNT-TOOL-CNC-S03-L03-03-0000244,CNC-S03-L03-03,planned_tool_change,2026-08-04T09:20:00+09:00,2026-08-04T09:50:00+09:00,1,
MNT-TOOL-CNC-S04-L01-04-0000244,CNC-S04-L01-04,planned_tool_change,2026-08-04T09:20:00+09:00,2026-08-04T09:50:00+09:00,1,
MNT-TOOL-CNC-S04-L01-02-0000246,CNC-S04-L01-02,planned_tool_change,2026-08-04T10:00:00+09:00,2026-08-04T10:30:00+09:00,1,
MNT-TOOL-CNC-S04-L02-03-0000246,CNC-S04-L02-03,planned_tool_change,2026-08-04T10:00:00+09:00,2026-08-04T10:30:00+09:00,1,
MNT-TOOL-CNC-S03-L01-03-0000249,CNC-S03-L01-03,planned_tool_change,2026-08-04T11:00:00+09:00,2026-08-04T11:30:00+09:00,1,
MNT-TOOL-CNC-S01-L02-01-0000251,CNC-S01-L02-01,planned_tool_change,2026-08-04T11:40:00+09:00,2026-08-04T12:10:00+09:00,1,
MNT-TOOL-CNC-S02-L03-02-0000230,CNC-S02-L03-02,planned_tool_change,2026-08-04T11:40:00+09:00,2026-08-04T12:10:00+09:00,1,
MNT-TOOL-CNC-S02-L03-03-0000251,CNC-S02-L03-03,planned_tool_change,2026-08-04T11:40:00+09:00,2026-08-04T12:10:00+09:00,1,
MNT-TOOL-CNC-S02-L05-04-0000251,CNC-S02-L05-04,planned_tool_change,2026-08-04T11:40:00+09:00,2026-08-04T12:10:00+09:00,1,
MNT-TOOL-CNC-S03-L05-04-0000251,CNC-S03-L05-04,planned_tool_change,2026-08-04T11:40:00+09:00,2026-08-04T12:10:00+09:00,1,
MNT-EVT-44bf7579bba74ac0-001,CNC-S02-L02-03,failure_recovery,2026-08-05T09:10:00+09:00,2026-08-05T15:00:00+09:00,1,EVT-44bf7579bba74ac0-001
MNT-EVT-7abda51917a720e5-001,CMP-S04-L01-01,failure_recovery,2026-08-05T09:00:00+09:00,2026-08-05T21:00:00+09:00,0,EVT-7abda51917a720e5-001
MNT-EVT-4cbe8fe1c869620f-001,CNC-S04-L05-01,failure_recovery,2026-08-05T16:00:00+09:00,2026-08-05T21:00:00+09:00,0,EVT-4cbe8fe1c869620f-001
MNT-EVT-a72ea80641d176e1-001,CMP-S03-L05-01,failure_recovery,2026-08-05T18:00:00+09:00,2026-08-05T22:00:00+09:00,0,EVT-a72ea80641d176e1-001
MNT-EVT-9648b996b110f0dd-001,CNC-S04-L05-04,failure_recovery,2026-08-05T20:10:00+09:00,2026-08-06T00:00:00+09:00,1,EVT-9648b996b110f0dd-001
MNT-EVT-ad57fe2086a6b96d-001,CNC-S02-L02-01,failure_recovery,2026-08-06T06:10:00+09:00,2026-08-06T12:00:00+09:00,1,EVT-ad57fe2086a6b96d-001
MNT-EVT-84f95b771bf57c0e-001,CMP-S03-L02-01,failure_recovery,2026-08-06T11:00:00+09:00,2026-08-06T19:00:00+09:00,0,EVT-84f95b771bf57c0e-001
MNT-TOOL-CNC-S01-L05-02-0000401,CNC-S01-L05-02,planned_tool_change,2026-08-06T14:10:00+09:00,2026-08-06T14:40:00+09:00,1,
MNT-TOOL-CNC-S04-L04-02-0000403,CNC-S04-L04-02,planned_tool_change,2026-08-06T14:50:00+09:00,2026-08-06T15:20:00+09:00,1,
MNT-TOOL-CNC-S01-L05-04-0000404,CNC-S01-L05-04,planned_tool_change,2026-08-06T15:10:00+09:00,2026-08-06T15:40:00+09:00,1,
MNT-TOOL-CNC-S04-L03-01-0000404,CNC-S04-L03-01,planned_tool_change,2026-08-06T15:10:00+09:00,2026-08-06T15:40:00+09:00,1,
MNT-TOOL-CNC-S01-L04-03-0000405,CNC-S01-L04-03,planned_tool_change,2026-08-06T15:30:00+09:00,2026-08-06T16:00:00+09:00,1,
MNT-TOOL-CNC-S03-L03-01-0000405,CNC-S03-L03-01,planned_tool_change,2026-08-06T15:30:00+09:00,2026-08-06T16:00:00+09:00,1,
MNT-TOOL-CNC-S01-L03-01-0000409,CNC-S01-L03-01,planned_tool_change,2026-08-06T16:50:00+09:00,2026-08-06T17:20:00+09:00,1,
MNT-TOOL-CNC-S01-L04-01-0000409,CNC-S01-L04-01,planned_tool_change,2026-08-06T16:50:00+09:00,2026-08-06T17:20:00+09:00,1,
MNT-TOOL-CNC-S02-L05-01-0000409,CNC-S02-L05-01,planned_tool_change,2026-08-06T16:50:00+09:00,2026-08-06T17:20:00+09:00,1,
MNT-TOOL-CNC-S04-L03-02-0000411,CNC-S04-L03-02,planned_tool_change,2026-08-06T17:30:00+09:00,2026-08-06T18:00:00+09:00,1,
MNT-TOOL-CNC-S01-L03-02-0000414,CNC-S01-L03-02,planned_tool_change,2026-08-06T18:30:00+09:00,2026-08-06T19:00:00+09:00,1,
MNT-TOOL-CNC-S01-L04-02-0000414,CNC-S01-L04-02,planned_tool_change,2026-08-06T18:30:00+09:00,2026-08-06T19:00:00+09:00,1,
MNT-TOOL-CNC-S03-L02-03-0000414,CNC-S03-L02-03,planned_tool_change,2026-08-06T18:30:00+09:00,2026-08-06T19:00:00+09:00,1,
MNT-TOOL-CNC-S03-L01-02-0000415,CNC-S03-L01-02,planned_tool_change,2026-08-06T18:50:00+09:00,2026-08-06T19:20:00+09:00,1,
MNT-TOOL-CNC-S01-L02-03-0000416,CNC-S01-L02-03,planned_tool_change,2026-08-06T19:10:00+09:00,2026-08-06T19:40:00+09:00,1,
MNT-TOOL-CNC-S02-L02-04-0000424,CNC-S02-L02-04,planned_tool_change,2026-08-06T21:50:00+09:00,2026-08-06T22:20:00+09:00,1,
MNT-EVT-bb9be28a39a13612-001,CNC-S01-L04-04,failure_recovery,2026-08-06T22:10:00+09:00,2026-08-07T01:00:00+09:00,1,EVT-bb9be28a39a13612-001
MNT-TOOL-CNC-S02-L02-02-0000427,CNC-S02-L02-02,planned_tool_change,2026-08-06T22:50:00+09:00,2026-08-06T23:20:00+09:00,1,
MNT-TOOL-CNC-S04-L02-01-0000431,CNC-S04-L02-01,planned_tool_change,2026-08-07T00:10:00+09:00,2026-08-07T00:40:00+09:00,1,
MNT-TOOL-CNC-S04-L03-04-0000431,CNC-S04-L03-04,planned_tool_change,2026-08-07T00:10:00+09:00,2026-08-07T00:40:00+09:00,1,
MNT-TOOL-CNC-S01-L05-03-0000433,CNC-S01-L05-03,planned_tool_change,2026-08-07T00:50:00+09:00,2026-08-07T01:20:00+09:00,1,
MNT-TOOL-CNC-S04-L01-04-0000434,CNC-S04-L01-04,planned_tool_change,2026-08-07T01:10:00+09:00,2026-08-07T01:40:00+09:00,1,
MNT-TOOL-CNC-S02-L01-02-0000435,CNC-S02-L01-02,planned_tool_change,2026-08-07T01:30:00+09:00,2026-08-07T02:00:00+09:00,1,
MNT-TOOL-CNC-S02-L05-03-0000435,CNC-S02-L05-03,planned_tool_change,2026-08-07T01:30:00+09:00,2026-08-07T02:00:00+09:00,1,
MNT-TOOL-CNC-S04-L01-03-0000435,CNC-S04-L01-03,planned_tool_change,2026-08-07T01:30:00+09:00,2026-08-07T02:00:00+09:00,1,
MNT-TOOL-CNC-S01-L01-02-0000436,CNC-S01-L01-02,planned_tool_change,2026-08-07T01:50:00+09:00,2026-08-07T02:20:00+09:00,1,
MNT-EVT-bc7da362e9d6c673-001,CNC-S04-L04-04,failure_recovery,2026-08-07T02:00:00+09:00,2026-08-07T05:00:00+09:00,0,EVT-bc7da362e9d6c673-001
MNT-TOOL-CNC-S03-L05-03-0000438,CNC-S03-L05-03,planned_tool_change,2026-08-07T02:30:00+09:00,2026-08-07T03:00:00+09:00,1,
MNT-TOOL-CNC-S04-L05-01-0000399,CNC-S04-L05-01,planned_tool_change,2026-08-07T02:30:00+09:00,2026-08-07T03:00:00+09:00,1,
MNT-TOOL-CNC-S03-L05-02-0000440,CNC-S03-L05-02,planned_tool_change,2026-08-07T03:10:00+09:00,2026-08-07T03:40:00+09:00,1,
MNT-TOOL-CNC-S02-L05-04-0000441,CNC-S02-L05-04,planned_tool_change,2026-08-07T03:30:00+09:00,2026-08-07T04:00:00+09:00,1,
MNT-TOOL-CNC-S03-L01-01-0000442,CNC-S03-L01-01,planned_tool_change,2026-08-07T03:50:00+09:00,2026-08-07T04:20:00+09:00,1,
MNT-TOOL-CNC-S03-L02-04-0000442,CNC-S03-L02-04,planned_tool_change,2026-08-07T03:50:00+09:00,2026-08-07T04:20:00+09:00,1,
MNT-TOOL-CNC-S04-L04-03-0000444,CNC-S04-L04-03,planned_tool_change,2026-08-07T04:30:00+09:00,2026-08-07T05:00:00+09:00,1,
MNT-TOOL-CNC-S03-L02-01-0000445,CNC-S03-L02-01,planned_tool_change,2026-08-07T04:50:00+09:00,2026-08-07T05:20:00+09:00,1,
MNT-TOOL-CNC-S03-L04-04-0000445,CNC-S03-L04-04,planned_tool_change,2026-08-07T04:50:00+09:00,2026-08-07T05:20:00+09:00,1,
MNT-TOOL-CNC-S04-L02-04-0000445,CNC-S04-L02-04,planned_tool_change,2026-08-07T04:50:00+09:00,2026-08-07T05:20:00+09:00,1,
MNT-TOOL-CNC-S01-L01-04-0000446,CNC-S01-L01-04,planned_tool_change,2026-08-07T05:10:00+09:00,2026-08-07T05:40:00+09:00,1,
MNT-TOOL-CNC-S02-L03-01-0000446,CNC-S02-L03-01,planned_tool_change,2026-08-07T05:10:00+09:00,2026-08-07T05:40:00+09:00,1,
MNT-TOOL-CNC-S01-L03-03-0000447,CNC-S01-L03-03,planned_tool_change,2026-08-07T05:30:00+09:00,2026-08-07T06:00:00+09:00,1,
MNT-TOOL-CNC-S04-L01-01-0000447,CNC-S04-L01-01,planned_tool_change,2026-08-07T05:30:00+09:00,2026-08-07T06:00:00+09:00,1,
MNT-TOOL-CNC-S01-L02-02-0000448,CNC-S01-L02-02,planned_tool_change,2026-08-07T05:50:00+09:00,2026-08-07T06:20:00+09:00,1,
MNT-TOOL-CNC-S02-L03-03-0000449,CNC-S02-L03-03,planned_tool_change,2026-08-07T06:10:00+09:00,2026-08-07T06:40:00+09:00,1,
MNT-TOOL-CNC-S02-L04-02-0000450,CNC-S02-L04-02,planned_tool_change,2026-08-07T06:30:00+09:00,2026-08-07T07:00:00+09:00,1,
MNT-TOOL-CNC-S04-L05-02-0000450,CNC-S04-L05-02,planned_tool_change,2026-08-07T06:30:00+09:00,2026-08-07T07:00:00+09:00,1,
MNT-TOOL-CNC-S02-L04-01-0000451,CNC-S02-L04-01,planned_tool_change,2026-08-07T06:50:00+09:00,2026-08-07T07:20:00+09:00,1,
MNT-TOOL-CNC-S04-L03-03-0000451,CNC-S04-L03-03,planned_tool_change,2026-08-07T06:50:00+09:00,2026-08-07T07:20:00+09:00,1,
MNT-TOOL-CNC-S04-L04-01-0000451,CNC-S04-L04-01,planned_tool_change,2026-08-07T06:50:00+09:00,2026-08-07T07:20:00+09:00,1,
MNT-TOOL-CNC-S02-L01-01-0000453,CNC-S02-L01-01,planned_tool_change,2026-08-07T07:30:00+09:00,2026-08-07T08:00:00+09:00,1,
MNT-TOOL-CNC-S04-L01-02-0000454,CNC-S04-L01-02,planned_tool_change,2026-08-07T07:50:00+09:00,2026-08-07T08:20:00+09:00,1,
MNT-TOOL-CNC-S02-L01-04-0000456,CNC-S02-L01-04,planned_tool_change,2026-08-07T08:30:00+09:00,2026-08-07T09:00:00+09:00,1,
MNT-TOOL-CNC-S02-L04-03-0000457,CNC-S02-L04-03,planned_tool_change,2026-08-07T08:50:00+09:00,2026-08-07T09:20:00+09:00,1,
MNT-TOOL-CNC-S03-L01-03-0000457,CNC-S03-L01-03,planned_tool_change,2026-08-07T08:50:00+09:00,2026-08-07T09:20:00+09:00,1,
MNT-TOOL-CNC-S04-L02-02-0000458,CNC-S04-L02-02,planned_tool_change,2026-08-07T09:10:00+09:00,2026-08-07T09:40:00+09:00,1,
MNT-TOOL-CNC-S01-L03-04-0000461,CNC-S01-L03-04,planned_tool_change,2026-08-07T10:10:00+09:00,2026-08-07T10:40:00+09:00,1,
MNT-TOOL-CNC-S01-L05-01-0000462,CNC-S01-L05-01,planned_tool_change,2026-08-07T10:30:00+09:00,2026-08-07T11:00:00+09:00,1,
MNT-TOOL-CNC-S03-L05-01-0000462,CNC-S03-L05-01,planned_tool_change,2026-08-07T10:30:00+09:00,2026-08-07T11:00:00+09:00,1,
MNT-TOOL-CNC-S03-L02-02-0000463,CNC-S03-L02-02,planned_tool_change,2026-08-07T10:50:00+09:00,2026-08-07T11:20:00+09:00,1,
MNT-TOOL-CNC-S01-L01-01-0000464,CNC-S01-L01-01,planned_tool_change,2026-08-07T11:10:00+09:00,2026-08-07T11:40:00+09:00,1,
MNT-EVT-5ffec92f9e2d6dd1-001,CNC-S01-L03-03,failure_recovery,2026-08-07T11:00:00+09:00,2026-08-07T16:00:00+09:00,0,EVT-5ffec92f9e2d6dd1-001
MNT-TOOL-CNC-S03-L01-04-0000464,CNC-S03-L01-04,planned_tool_change,2026-08-07T11:10:00+09:00,2026-08-07T11:40:00+09:00,1,
MNT-TOOL-CNC-S02-L05-02-0000459,CNC-S02-L05-02,planned_tool_change,2026-08-07T11:30:00+09:00,2026-08-07T12:00:00+09:00,1,
MNT-TOOL-CNC-S03-L03-04-0000446,CNC-S03-L03-04,planned_tool_change,2026-08-07T12:30:00+09:00,2026-08-07T13:00:00+09:00,1,
MNT-TOOL-CNC-S01-L01-03-0000470,CNC-S01-L01-03,planned_tool_change,2026-08-07T13:10:00+09:00,2026-08-07T13:40:00+09:00,1,
MNT-TOOL-CNC-S02-L03-04-0000470,CNC-S02-L03-04,planned_tool_change,2026-08-07T13:10:00+09:00,2026-08-07T13:40:00+09:00,1,
MNT-TOOL-CNC-S03-L04-01-0000470,CNC-S03-L04-01,planned_tool_change,2026-08-07T13:10:00+09:00,2026-08-07T13:40:00+09:00,1,
MNT-TOOL-CNC-S03-L04-02-0000470,CNC-S03-L04-02,planned_tool_change,2026-08-07T13:10:00+09:00,2026-08-07T13:40:00+09:00,1,
MNT-TOOL-CNC-S03-L03-03-0000471,CNC-S03-L03-03,planned_tool_change,2026-08-07T13:30:00+09:00,2026-08-07T14:00:00+09:00,1,
MNT-TOOL-CNC-S03-L03-02-0000472,CNC-S03-L03-02,planned_tool_change,2026-08-07T13:50:00+09:00,2026-08-07T14:20:00+09:00,1,
MNT-TOOL-CNC-S03-L05-04-0000473,CNC-S03-L05-04,planned_tool_change,2026-08-07T14:10:00+09:00,2026-08-07T14:40:00+09:00,1,
MNT-TOOL-CNC-S04-L05-03-0000475,CNC-S04-L05-03,planned_tool_change,2026-08-07T14:50:00+09:00,2026-08-07T15:20:00+09:00,1,
MNT-TOOL-CNC-S04-L02-03-0000476,CNC-S04-L02-03,planned_tool_change,2026-08-07T15:10:00+09:00,2026-08-07T15:40:00+09:00,1,
MNT-TOOL-CNC-S03-L04-03-0000477,CNC-S03-L04-03,planned_tool_change,2026-08-07T15:30:00+09:00,2026-08-07T16:00:00+09:00,1,
MNT-TOOL-CNC-S02-L01-03-0000481,CNC-S02-L01-03,planned_tool_change,2026-08-07T16:50:00+09:00,2026-08-07T17:20:00+09:00,1,
MNT-TOOL-CNC-S01-L02-04-0000482,CNC-S01-L02-04,planned_tool_change,2026-08-07T17:10:00+09:00,2026-08-07T17:40:00+09:00,1,
MNT-TOOL-CNC-S04-L04-04-0000475,CNC-S04-L04-04,planned_tool_change,2026-08-07T17:50:00+09:00,2026-08-07T18:20:00+09:00,1,
MNT-TOOL-CNC-S02-L04-04-0000489,CNC-S02-L04-04,planned_tool_change,2026-08-07T19:30:00+09:00,2026-08-07T20:00:00+09:00,1,
MNT-TOOL-CNC-S02-L03-02-0000470,CNC-S02-L03-02,planned_tool_change,2026-08-07T20:10:00+09:00,2026-08-07T20:40:00+09:00,1,
MNT-EVT-775fa2c26c107934-001,CNC-S02-L05-01,failure_recovery,2026-08-07T22:00:00+09:00,2026-08-08T06:00:00+09:00,0,EVT-775fa2c26c107934-001
MNT-TOOL-CNC-S01-L02-01-0000498,CNC-S01-L02-01,planned_tool_change,2026-08-07T22:30:00+09:00,2026-08-07T23:00:00+09:00,1,
MNT-EVT-2d195d54b96628f1-001,CNC-S01-L02-02,failure_recovery,2026-08-08T02:00:00+09:00,2026-08-08T08:00:00+09:00,0,EVT-2d195d54b96628f1-001
MNT-TOOL-CNC-S02-L02-03-0000522,CNC-S02-L02-03,planned_tool_change,2026-08-08T12:20:00+09:00,2026-08-08T12:50:00+09:00,1,
MNT-EVT-1072e44d1c12a46b-001,CNC-S01-L01-04,failure_recovery,2026-08-08T17:00:00+09:00,2026-08-08T23:00:00+09:00,0,EVT-1072e44d1c12a46b-001
MNT-EVT-6dcf34fd8c7a4760-001,CNC-S03-L02-01,failure_recovery,2026-08-08T17:00:00+09:00,2026-08-08T22:00:00+09:00,0,EVT-6dcf34fd8c7a4760-001
MNT-EVT-a451246b1d50e05c-001,CNC-S03-L05-01,failure_recovery,2026-08-08T19:00:00+09:00,2026-08-08T22:00:00+09:00,0,EVT-a451246b1d50e05c-001
MNT-EVT-d3afaba0aaaedfe0-001,CMP-S02-L05-01,failure_recovery,2026-08-09T03:00:00+09:00,2026-08-09T08:00:00+09:00,0,EVT-d3afaba0aaaedfe0-001
MNT-EVT-dbee5072b39cbc4f-001,CNC-S03-L04-03,failure_recovery,2026-08-09T03:00:00+09:00,2026-08-09T10:00:00+09:00,0,EVT-dbee5072b39cbc4f-001
MNT-EVT-c784b9c52986966f-001,CMP-S03-L03-01,failure_recovery,2026-08-09T08:00:00+09:00,2026-08-09T19:00:00+09:00,0,EVT-c784b9c52986966f-001
MNT-TOOL-CNC-S01-L04-01-0000601,CNC-S01-L04-01,planned_tool_change,2026-08-09T09:20:00+09:00,2026-08-09T09:50:00+09:00,1,
MNT-TOOL-CNC-S01-L04-03-0000603,CNC-S01-L04-03,planned_tool_change,2026-08-09T10:00:00+09:00,2026-08-09T10:30:00+09:00,1,
MNT-TOOL-CNC-S04-L05-04-0000594,CNC-S04-L05-04,planned_tool_change,2026-08-09T10:20:00+09:00,2026-08-09T10:50:00+09:00,1,
MNT-TOOL-CNC-S01-L05-04-0000608,CNC-S01-L05-04,planned_tool_change,2026-08-09T11:40:00+09:00,2026-08-09T12:10:00+09:00,1,
MNT-TOOL-CNC-S02-L02-01-0000596,CNC-S02-L02-01,planned_tool_change,2026-08-09T13:00:00+09:00,2026-08-09T13:30:00+09:00,1,
MNT-TOOL-CNC-S01-L03-02-0000613,CNC-S01-L03-02,planned_tool_change,2026-08-09T13:20:00+09:00,2026-08-09T13:50:00+09:00,1,
MNT-TOOL-CNC-S04-L04-02-0000615,CNC-S04-L04-02,planned_tool_change,2026-08-09T14:00:00+09:00,2026-08-09T14:30:00+09:00,1,
MNT-TOOL-CNC-S01-L03-01-0000618,CNC-S01-L03-01,planned_tool_change,2026-08-09T15:00:00+09:00,2026-08-09T15:30:00+09:00,1,
MNT-TOOL-CNC-S01-L02-03-0000627,CNC-S01-L02-03,planned_tool_change,2026-08-09T18:00:00+09:00,2026-08-09T18:30:00+09:00,1,
MNT-TOOL-CNC-S01-L04-04-0000620,CNC-S01-L04-04,planned_tool_change,2026-08-09T18:00:00+09:00,2026-08-09T18:30:00+09:00,1,
MNT-TOOL-CNC-S01-L05-02-0000629,CNC-S01-L05-02,planned_tool_change,2026-08-09T18:40:00+09:00,2026-08-09T19:10:00+09:00,1,
MNT-TOOL-CNC-S03-L01-02-0000629,CNC-S03-L01-02,planned_tool_change,2026-08-09T18:40:00+09:00,2026-08-09T19:10:00+09:00,1,
MNT-TOOL-CNC-S03-L03-01-0000635,CNC-S03-L03-01,planned_tool_change,2026-08-09T20:40:00+09:00,2026-08-09T21:10:00+09:00,1,
MNT-TOOL-CNC-S02-L05-04-0000636,CNC-S02-L05-04,planned_tool_change,2026-08-09T21:00:00+09:00,2026-08-09T21:30:00+09:00,1,
MNT-TOOL-CNC-S02-L05-03-0000642,CNC-S02-L05-03,planned_tool_change,2026-08-09T23:00:00+09:00,2026-08-09T23:30:00+09:00,1,
MNT-TOOL-CNC-S03-L05-02-0000644,CNC-S03-L05-02,planned_tool_change,2026-08-09T23:40:00+09:00,2026-08-10T00:10:00+09:00,1,
MNT-TOOL-CNC-S04-L03-02-0000644,CNC-S04-L03-02,planned_tool_change,2026-08-09T23:40:00+09:00,2026-08-10T00:10:00+09:00,1,
MNT-TOOL-CNC-S04-L01-01-0000645,CNC-S04-L01-01,planned_tool_change,2026-08-10T00:00:00+09:00,2026-08-10T00:30:00+09:00,1,
MNT-TOOL-CNC-S04-L03-01-0000647,CNC-S04-L03-01,planned_tool_change,2026-08-10T00:40:00+09:00,2026-08-10T01:10:00+09:00,1,
MNT-TOOL-CNC-S04-L05-01-0000608,CNC-S04-L05-01,planned_tool_change,2026-08-10T00:40:00+09:00,2026-08-10T01:10:00+09:00,1,
MNT-TOOL-CNC-S02-L05-01-0000625,CNC-S02-L05-01,planned_tool_change,2026-08-10T01:20:00+09:00,2026-08-10T01:50:00+09:00,1,
MNT-TOOL-CNC-S04-L02-02-0000649,CNC-S04-L02-02,planned_tool_change,2026-08-10T01:20:00+09:00,2026-08-10T01:50:00+09:00,1,
MNT-TOOL-CNC-S01-L04-02-0000650,CNC-S01-L04-02,planned_tool_change,2026-08-10T01:40:00+09:00,2026-08-10T02:10:00+09:00,1,
MNT-TOOL-CNC-S04-L02-01-0000650,CNC-S04-L02-01,planned_tool_change,2026-08-10T01:40:00+09:00,2026-08-10T02:10:00+09:00,1,
MNT-TOOL-CNC-S02-L03-01-0000653,CNC-S02-L03-01,planned_tool_change,2026-08-10T02:40:00+09:00,2026-08-10T03:10:00+09:00,1,
MNT-TOOL-CNC-S04-L01-04-0000653,CNC-S04-L01-04,planned_tool_change,2026-08-10T02:40:00+09:00,2026-08-10T03:10:00+09:00,1,
MNT-TOOL-CNC-S04-L01-03-0000654,CNC-S04-L01-03,planned_tool_change,2026-08-10T03:00:00+09:00,2026-08-10T03:30:00+09:00,1,
MNT-TOOL-CNC-S02-L04-01-0000656,CNC-S02-L04-01,planned_tool_change,2026-08-10T03:40:00+09:00,2026-08-10T04:10:00+09:00,1,
MNT-TOOL-CNC-S03-L02-03-0000657,CNC-S03-L02-03,planned_tool_change,2026-08-10T04:00:00+09:00,2026-08-10T04:30:00+09:00,1,
MNT-TOOL-CNC-S01-L01-02-0000659,CNC-S01-L01-02,planned_tool_change,2026-08-10T04:40:00+09:00,2026-08-10T05:10:00+09:00,1,
MNT-TOOL-CNC-S03-L02-04-0000659,CNC-S03-L02-04,planned_tool_change,2026-08-10T04:40:00+09:00,2026-08-10T05:10:00+09:00,1,
MNT-TOOL-CNC-S03-L01-03-0000660,CNC-S03-L01-03,planned_tool_change,2026-08-10T05:00:00+09:00,2026-08-10T05:30:00+09:00,1,
MNT-TOOL-CNC-S04-L04-03-0000661,CNC-S04-L04-03,planned_tool_change,2026-08-10T05:20:00+09:00,2026-08-10T05:50:00+09:00,1,
MNT-EVT-01a1f76b1d475ad2-001,CMP-S02-L02-01,failure_recovery,2026-08-10T06:00:00+09:00,2026-08-10T14:00:00+09:00,0,EVT-01a1f76b1d475ad2-001
MNT-TOOL-CNC-S02-L04-02-0000664,CNC-S02-L04-02,planned_tool_change,2026-08-10T06:20:00+09:00,2026-08-10T06:50:00+09:00,1,
MNT-TOOL-CNC-S03-L02-01-0000649,CNC-S03-L02-01,planned_tool_change,2026-08-10T06:20:00+09:00,2026-08-10T06:50:00+09:00,1,
MNT-TOOL-CNC-S02-L01-02-0000665,CNC-S02-L01-02,planned_tool_change,2026-08-10T06:40:00+09:00,2026-08-10T07:10:00+09:00,1,
MNT-TOOL-CNC-S03-L01-01-0000665,CNC-S03-L01-01,planned_tool_change,2026-08-10T06:40:00+09:00,2026-08-10T07:10:00+09:00,1,
MNT-TOOL-CNC-S03-L05-03-0000665,CNC-S03-L05-03,planned_tool_change,2026-08-10T06:40:00+09:00,2026-08-10T07:10:00+09:00,1,
MNT-TOOL-CNC-S04-L04-01-0000665,CNC-S04-L04-01,planned_tool_change,2026-08-10T06:40:00+09:00,2026-08-10T07:10:00+09:00,1,
MNT-TOOL-CNC-S01-L05-01-0000666,CNC-S01-L05-01,planned_tool_change,2026-08-10T07:00:00+09:00,2026-08-10T07:30:00+09:00,1,
MNT-TOOL-CNC-S02-L02-04-0000666,CNC-S02-L02-04,planned_tool_change,2026-08-10T07:00:00+09:00,2026-08-10T07:30:00+09:00,1,
MNT-TOOL-CNC-S01-L01-01-0000668,CNC-S01-L01-01,planned_tool_change,2026-08-10T07:40:00+09:00,2026-08-10T08:10:00+09:00,1,
MNT-TOOL-CNC-S02-L02-02-0000669,CNC-S02-L02-02,planned_tool_change,2026-08-10T08:00:00+09:00,2026-08-10T08:30:00+09:00,1,
MNT-TOOL-CNC-S04-L02-04-0000669,CNC-S04-L02-04,planned_tool_change,2026-08-10T08:00:00+09:00,2026-08-10T08:30:00+09:00,1,
MNT-TOOL-CNC-S04-L05-03-0000669,CNC-S04-L05-03,planned_tool_change,2026-08-10T08:00:00+09:00,2026-08-10T08:30:00+09:00,1,
MNT-TOOL-CNC-S01-L01-04-0000653,CNC-S01-L01-04,planned_tool_change,2026-08-10T08:40:00+09:00,2026-08-10T09:10:00+09:00,1,
MNT-TOOL-CNC-S03-L04-04-0000671,CNC-S03-L04-04,planned_tool_change,2026-08-10T08:40:00+09:00,2026-08-10T09:10:00+09:00,1,
MNT-TOOL-CNC-S04-L05-02-0000671,CNC-S04-L05-02,planned_tool_change,2026-08-10T08:40:00+09:00,2026-08-10T09:10:00+09:00,1,
MNT-TOOL-CNC-S02-L05-02-0000666,CNC-S02-L05-02,planned_tool_change,2026-08-10T09:00:00+09:00,2026-08-10T09:30:00+09:00,1,
MNT-TOOL-CNC-S03-L01-04-0000673,CNC-S03-L01-04,planned_tool_change,2026-08-10T09:20:00+09:00,2026-08-10T09:50:00+09:00,1,
MNT-TOOL-CNC-S03-L05-01-0000664,CNC-S03-L05-01,planned_tool_change,2026-08-10T09:20:00+09:00,2026-08-10T09:50:00+09:00,1,
MNT-TOOL-CNC-S03-L04-02-0000674,CNC-S03-L04-02,planned_tool_change,2026-08-10T09:40:00+09:00,2026-08-10T10:10:00+09:00,1,
MNT-TOOL-CNC-S03-L03-03-0000675,CNC-S03-L03-03,planned_tool_change,2026-08-10T10:00:00+09:00,2026-08-10T10:30:00+09:00,1,
MNT-TOOL-CNC-S04-L03-03-0000676,CNC-S04-L03-03,planned_tool_change,2026-08-10T10:20:00+09:00,2026-08-10T10:50:00+09:00,1,
MNT-TOOL-CNC-S04-L03-04-0000679,CNC-S04-L03-04,planned_tool_change,2026-08-10T11:20:00+09:00,2026-08-10T11:50:00+09:00,1,
MNT-TOOL-CNC-S02-L03-03-0000682,CNC-S02-L03-03,planned_tool_change,2026-08-10T12:20:00+09:00,2026-08-10T12:50:00+09:00,1,
MNT-TOOL-CNC-S01-L05-03-0000684,CNC-S01-L05-03,planned_tool_change,2026-08-10T13:00:00+09:00,2026-08-10T13:30:00+09:00,1,
MNT-TOOL-CNC-S03-L04-01-0000685,CNC-S03-L04-01,planned_tool_change,2026-08-10T13:20:00+09:00,2026-08-10T13:50:00+09:00,1,
MNT-TOOL-CNC-S02-L03-02-0000665,CNC-S02-L03-02,planned_tool_change,2026-08-10T13:40:00+09:00,2026-08-10T14:10:00+09:00,1,
MNT-TOOL-CNC-S01-L02-02-0000670,CNC-S01-L02-02,planned_tool_change,2026-08-10T14:20:00+09:00,2026-08-10T14:50:00+09:00,1,
MNT-TOOL-CNC-S02-L01-01-0000689,CNC-S02-L01-01,planned_tool_change,2026-08-10T14:40:00+09:00,2026-08-10T15:10:00+09:00,1,
MNT-TOOL-CNC-S02-L01-04-0000689,CNC-S02-L01-04,planned_tool_change,2026-08-10T14:40:00+09:00,2026-08-10T15:10:00+09:00,1,
MNT-TOOL-CNC-S04-L01-02-0000691,CNC-S04-L01-02,planned_tool_change,2026-08-10T15:20:00+09:00,2026-08-10T15:50:00+09:00,1,
MNT-TOOL-CNC-S03-L03-04-0000670,CNC-S03-L03-04,planned_tool_change,2026-08-10T15:40:00+09:00,2026-08-10T16:10:00+09:00,1,
MNT-TOOL-CNC-S04-L04-04-0000683,CNC-S04-L04-04,planned_tool_change,2026-08-10T15:40:00+09:00,2026-08-10T16:10:00+09:00,1,
MNT-TOOL-CNC-S01-L03-04-0000694,CNC-S01-L03-04,planned_tool_change,2026-08-10T16:20:00+09:00,2026-08-10T16:50:00+09:00,1,
MNT-TOOL-CNC-S03-L05-04-0000695,CNC-S03-L05-04,planned_tool_change,2026-08-10T16:40:00+09:00,2026-08-10T17:10:00+09:00,1,
MNT-TOOL-CNC-S02-L04-03-0000696,CNC-S02-L04-03,planned_tool_change,2026-08-10T17:00:00+09:00,2026-08-10T17:30:00+09:00,1,
MNT-TOOL-CNC-S01-L02-01-0000699,CNC-S01-L02-01,planned_tool_change,2026-08-10T18:00:00+09:00,2026-08-10T18:30:00+09:00,1,
MNT-TOOL-CNC-S01-L01-03-0000701,CNC-S01-L01-03,planned_tool_change,2026-08-10T18:40:00+09:00,2026-08-10T19:10:00+09:00,1,
MNT-TOOL-CNC-S01-L03-03-0000687,CNC-S01-L03-03,planned_tool_change,2026-08-10T19:00:00+09:00,2026-08-10T19:30:00+09:00,1,
MNT-TOOL-CNC-S02-L01-03-0000703,CNC-S02-L01-03,planned_tool_change,2026-08-10T19:20:00+09:00,2026-08-10T19:50:00+09:00,1,
MNT-TOOL-CNC-S04-L02-03-0000704,CNC-S04-L02-03,planned_tool_change,2026-08-10T19:40:00+09:00,2026-08-10T20:10:00+09:00,1,
MNT-TOOL-CNC-S03-L02-02-0000707,CNC-S03-L02-02,planned_tool_change,2026-08-10T20:40:00+09:00,2026-08-10T21:10:00+09:00,1,
MNT-TOOL-CNC-S02-L03-04-0000711,CNC-S02-L03-04,planned_tool_change,2026-08-10T22:00:00+09:00,2026-08-10T22:30:00+09:00,1,
MNT-EVT-434aec67de7dbb20-001,CMP-S01-L02-01,failure_recovery,2026-08-10T22:00:00+09:00,2026-08-11T03:00:00+09:00,0,EVT-434aec67de7dbb20-001
MNT-EVT-9a43bd3a8f94b7fd-001,CNC-S02-L04-02,failure_recovery,2026-08-10T23:00:00+09:00,2026-08-11T06:00:00+09:00,0,EVT-9a43bd3a8f94b7fd-001
MNT-TOOL-CNC-S03-L03-02-0000715,CNC-S03-L03-02,planned_tool_change,2026-08-10T23:20:00+09:00,2026-08-10T23:50:00+09:00,1,
MNT-TOOL-CNC-S02-L04-04-0000723,CNC-S02-L04-04,planned_tool_change,2026-08-11T02:00:00+09:00,2026-08-11T02:30:00+09:00,1,
MNT-TOOL-CNC-S01-L02-04-0000726,CNC-S01-L02-04,planned_tool_change,2026-08-11T03:00:00+09:00,2026-08-11T03:30:00+09:00,1,
MNT-EVT-706c525edb14467f-001,CNC-S03-L05-03,failure_recovery,2026-08-11T05:10:00+09:00,2026-08-11T11:00:00+09:00,1,EVT-706c525edb14467f-001
MNT-TOOL-CNC-S03-L04-03-0000723,CNC-S03-L04-03,planned_tool_change,2026-08-11T09:00:00+09:00,2026-08-11T09:30:00+09:00,1,
MNT-TOOL-CNC-S02-L02-03-0000760,CNC-S02-L02-03,planned_tool_change,2026-08-11T20:10:00+09:00,2026-08-11T20:40:00+09:00,1,
MNT-EVT-3da5d74c5c658357-001,CNC-S02-L03-03,failure_recovery,2026-08-11T20:10:00+09:00,2026-08-11T22:00:00+09:00,1,EVT-3da5d74c5c658357-001
MNT-TOOL-CNC-S04-L05-04-0000799,CNC-S04-L05-04,planned_tool_change,2026-08-12T07:10:00+09:00,2026-08-12T07:40:00+09:00,1,
MNT-TOOL-CNC-S02-L02-01-0000797,CNC-S02-L02-01,planned_tool_change,2026-08-12T08:30:00+09:00,2026-08-12T09:00:00+09:00,1,
MNT-TOOL-CNC-S01-L04-01-0000815,CNC-S01-L04-01,planned_tool_change,2026-08-12T09:10:00+09:00,2026-08-12T09:40:00+09:00,1,
MNT-TOOL-CNC-S01-L04-04-0000808,CNC-S01-L04-04,planned_tool_change,2026-08-12T09:10:00+09:00,2026-08-12T09:40:00+09:00,1,
MNT-TOOL-CNC-S01-L03-01-0000816,CNC-S01-L03-01,planned_tool_change,2026-08-12T09:30:00+09:00,2026-08-12T10:00:00+09:00,1,
MNT-TOOL-CNC-S01-L05-04-0000820,CNC-S01-L05-04,planned_tool_change,2026-08-12T10:50:00+09:00,2026-08-12T11:20:00+09:00,1,
MNT-TOOL-CNC-S02-L05-04-0000834,CNC-S02-L05-04,planned_tool_change,2026-08-12T15:30:00+09:00,2026-08-12T16:00:00+09:00,1,
MNT-TOOL-CNC-S01-L03-02-0000837,CNC-S01-L03-02,planned_tool_change,2026-08-12T16:30:00+09:00,2026-08-12T17:00:00+09:00,1,
MNT-EVT-de4d3b7b056c0184-001,CMP-S02-L01-01,failure_recovery,2026-08-12T17:00:00+09:00,2026-08-13T00:00:00+09:00,0,EVT-de4d3b7b056c0184-001
MNT-TOOL-CNC-S01-L04-03-0000847,CNC-S01-L04-03,planned_tool_change,2026-08-12T19:50:00+09:00,2026-08-12T20:20:00+09:00,1,
MNT-TOOL-CNC-S03-L01-02-0000847,CNC-S03-L01-02,planned_tool_change,2026-08-12T19:50:00+09:00,2026-08-12T20:20:00+09:00,1,
MNT-TOOL-CNC-S04-L01-04-0000847,CNC-S04-L01-04,planned_tool_change,2026-08-12T19:50:00+09:00,2026-08-12T20:20:00+09:00,1,
MNT-EVT-004d5935350b4afb-001,CNC-S03-L02-03,failure_recovery,2026-08-12T20:00:00+09:00,2026-08-13T04:00:00+09:00,0,EVT-004d5935350b4afb-001
MNT-TOOL-CNC-S04-L05-01-0000809,CNC-S04-L05-01,planned_tool_change,2026-08-12T20:10:00+09:00,2026-08-12T20:40:00+09:00,1,
MNT-TOOL-CNC-S03-L02-04-0000849,CNC-S03-L02-04,planned_tool_change,2026-08-12T20:30:00+09:00,2026-08-12T21:00:00+09:00,1,
MNT-TOOL-CNC-S04-L04-02-0000856,CNC-S04-L04-02,planned_tool_change,2026-08-12T22:50:00+09:00,2026-08-12T23:20:00+09:00,1,
MNT-TOOL-CNC-S04-L02-02-0000858,CNC-S04-L02-02,planned_tool_change,2026-08-12T23:30:00+09:00,2026-08-13T00:00:00+09:00,1,
MNT-TOOL-CNC-S01-L05-02-0000859,CNC-S01-L05-02,planned_tool_change,2026-08-12T23:50:00+09:00,2026-08-13T00:20:00+09:00,1,
MNT-TOOL-CNC-S02-L04-01-0000861,CNC-S02-L04-01,planned_tool_change,2026-08-13T00:30:00+09:00,2026-08-13T01:00:00+09:00,1,
MNT-TOOL-CNC-S01-L02-03-0000863,CNC-S01-L02-03,planned_tool_change,2026-08-13T01:10:00+09:00,2026-08-13T01:40:00+09:00,1,
MNT-TOOL-CNC-S01-L01-02-0000865,CNC-S01-L01-02,planned_tool_change,2026-08-13T01:50:00+09:00,2026-08-13T02:20:00+09:00,1,
MNT-TOOL-CNC-S01-L01-04-0000847,CNC-S01-L01-04,planned_tool_change,2026-08-13T01:50:00+09:00,2026-08-13T02:20:00+09:00,1,
MNT-TOOL-CNC-S04-L02-04-0000867,CNC-S04-L02-04,planned_tool_change,2026-08-13T02:30:00+09:00,2026-08-13T03:00:00+09:00,1,
MNT-TOOL-CNC-S03-L01-04-0000868,CNC-S03-L01-04,planned_tool_change,2026-08-13T02:50:00+09:00,2026-08-13T03:20:00+09:00,1,
MNT-TOOL-CNC-S04-L05-03-0000870,CNC-S04-L05-03,planned_tool_change,2026-08-13T03:30:00+09:00,2026-08-13T04:00:00+09:00,1,
MNT-TOOL-CNC-S02-L02-04-0000872,CNC-S02-L02-04,planned_tool_change,2026-08-13T04:10:00+09:00,2026-08-13T04:40:00+09:00,1,
MNT-TOOL-CNC-S02-L03-01-0000874,CNC-S02-L03-01,planned_tool_change,2026-08-13T04:50:00+09:00,2026-08-13T05:20:00+09:00,1,
MNT-TOOL-CNC-S03-L03-01-0000874,CNC-S03-L03-01,planned_tool_change,2026-08-13T04:50:00+09:00,2026-08-13T05:20:00+09:00,1,
MNT-TOOL-CNC-S04-L01-01-0000874,CNC-S04-L01-01,planned_tool_change,2026-08-13T04:50:00+09:00,2026-08-13T05:20:00+09:00,1,
MNT-TOOL-CNC-S02-L05-01-0000856,CNC-S02-L05-01,planned_tool_change,2026-08-13T06:50:00+09:00,2026-08-13T07:20:00+09:00,1,
MNT-TOOL-CNC-S02-L01-01-0000881,CNC-S02-L01-01,planned_tool_change,2026-08-13T07:10:00+09:00,2026-08-13T07:40:00+09:00,1,
MNT-TOOL-CNC-S03-L01-01-0000881,CNC-S03-L01-01,planned_tool_change,2026-08-13T07:10:00+09:00,2026-08-13T07:40:00+09:00,1,
MNT-TOOL-CNC-S04-L03-02-0000883,CNC-S04-L03-02,planned_tool_change,2026-08-13T07:50:00+09:00,2026-08-13T08:20:00+09:00,1,
MNT-TOOL-CNC-S01-L01-01-0000884,CNC-S01-L01-01,planned_tool_change,2026-08-13T08:10:00+09:00,2026-08-13T08:40:00+09:00,1,
MNT-TOOL-CNC-S02-L05-03-0000886,CNC-S02-L05-03,planned_tool_change,2026-08-13T08:50:00+09:00,2026-08-13T09:20:00+09:00,1,
MNT-TOOL-CNC-S03-L04-01-0000886,CNC-S03-L04-01,planned_tool_change,2026-08-13T08:50:00+09:00,2026-08-13T09:20:00+09:00,1,
MNT-TOOL-CNC-S04-L03-01-0000887,CNC-S04-L03-01,planned_tool_change,2026-08-13T09:10:00+09:00,2026-08-13T09:40:00+09:00,1,
MNT-TOOL-CNC-S04-L04-01-0000888,CNC-S04-L04-01,planned_tool_change,2026-08-13T09:30:00+09:00,2026-08-13T10:00:00+09:00,1,
MNT-TOOL-CNC-S04-L01-03-0000889,CNC-S04-L01-03,planned_tool_change,2026-08-13T09:50:00+09:00,2026-08-13T10:20:00+09:00,1,
MNT-TOOL-CNC-S04-L03-04-0000891,CNC-S04-L03-04,planned_tool_change,2026-08-13T10:30:00+09:00,2026-08-13T11:00:00+09:00,1,
MNT-TOOL-CNC-S02-L01-02-0000892,CNC-S02-L01-02,planned_tool_change,2026-08-13T10:50:00+09:00,2026-08-13T11:20:00+09:00,1,
MNT-TOOL-CNC-S04-L05-02-0000892,CNC-S04-L05-02,planned_tool_change,2026-08-13T10:50:00+09:00,2026-08-13T11:20:00+09:00,1,
MNT-TOOL-CNC-S03-L05-02-0000894,CNC-S03-L05-02,planned_tool_change,2026-08-13T11:30:00+09:00,2026-08-13T12:00:00+09:00,1,
MNT-TOOL-CNC-S04-L02-01-0000895,CNC-S04-L02-01,planned_tool_change,2026-08-13T11:50:00+09:00,2026-08-13T12:20:00+09:00,1,
MNT-TOOL-CNC-S03-L02-03-0000873,CNC-S03-L02-03,planned_tool_change,2026-08-13T12:30:00+09:00,2026-08-13T13:00:00+09:00,1,
MNT-TOOL-CNC-S01-L02-01-0000898,CNC-S01-L02-01,planned_tool_change,2026-08-13T12:50:00+09:00,2026-08-13T13:20:00+09:00,1,
MNT-TOOL-CNC-S02-L01-04-0000898,CNC-S02-L01-04,planned_tool_change,2026-08-13T12:50:00+09:00,2026-08-13T13:20:00+09:00,1,
MNT-TOOL-CNC-S01-L04-02-0000899,CNC-S01-L04-02,planned_tool_change,2026-08-13T13:10:00+09:00,2026-08-13T13:40:00+09:00,1,
MNT-TOOL-CNC-S02-L03-02-0000878,CNC-S02-L03-02,planned_tool_change,2026-08-13T13:10:00+09:00,2026-08-13T13:40:00+09:00,1,
MNT-TOOL-CNC-S03-L01-03-0000899,CNC-S03-L01-03,planned_tool_change,2026-08-13T13:10:00+09:00,2026-08-13T13:40:00+09:00,1,
MNT-TOOL-CNC-S01-L03-04-0000900,CNC-S01-L03-04,planned_tool_change,2026-08-13T13:30:00+09:00,2026-08-13T14:00:00+09:00,1,
MNT-TOOL-CNC-S01-L05-01-0000901,CNC-S01-L05-01,planned_tool_change,2026-08-13T13:50:00+09:00,2026-08-13T14:20:00+09:00,1,
MNT-TOOL-CNC-S02-L02-02-0000901,CNC-S02-L02-02,planned_tool_change,2026-08-13T13:50:00+09:00,2026-08-13T14:20:00+09:00,1,
MNT-TOOL-CNC-S02-L04-03-0000903,CNC-S02-L04-03,planned_tool_change,2026-08-13T14:30:00+09:00,2026-08-13T15:00:00+09:00,1,
MNT-TOOL-CNC-S03-L02-01-0000888,CNC-S03-L02-01,planned_tool_change,2026-08-13T14:30:00+09:00,2026-08-13T15:00:00+09:00,1,
MNT-TOOL-CNC-S03-L04-02-0000904,CNC-S03-L04-02,planned_tool_change,2026-08-13T14:50:00+09:00,2026-08-13T15:20:00+09:00,1,
MNT-TOOL-CNC-S04-L04-03-0000906,CNC-S04-L04-03,planned_tool_change,2026-08-13T15:30:00+09:00,2026-08-13T16:00:00+09:00,1,
MNT-TOOL-CNC-S01-L01-03-0000907,CNC-S01-L01-03,planned_tool_change,2026-08-13T15:50:00+09:00,2026-08-13T16:20:00+09:00,1,
MNT-TOOL-CNC-S01-L05-03-0000909,CNC-S01-L05-03,planned_tool_change,2026-08-13T16:30:00+09:00,2026-08-13T17:00:00+09:00,1,
MNT-TOOL-CNC-S03-L03-04-0000888,CNC-S03-L03-04,planned_tool_change,2026-08-13T16:50:00+09:00,2026-08-13T17:20:00+09:00,1,
MNT-TOOL-CNC-S04-L02-03-0000911,CNC-S04-L02-03,planned_tool_change,2026-08-13T17:10:00+09:00,2026-08-13T17:40:00+09:00,1,
MNT-TOOL-CNC-S03-L03-03-0000914,CNC-S03-L03-03,planned_tool_change,2026-08-13T18:10:00+09:00,2026-08-13T18:40:00+09:00,1,
MNT-TOOL-CNC-S04-L03-03-0000916,CNC-S04-L03-03,planned_tool_change,2026-08-13T18:50:00+09:00,2026-08-13T19:20:00+09:00,1,
MNT-EVT-269396695ca7898a-001,CNC-S03-L03-02,failure_recovery,2026-08-13T19:00:00+09:00,2026-08-13T22:00:00+09:00,0,EVT-269396695ca7898a-001
MNT-TOOL-CNC-S03-L04-04-0000917,CNC-S03-L04-04,planned_tool_change,2026-08-13T19:10:00+09:00,2026-08-13T19:40:00+09:00,1,
MNT-TOOL-CNC-S03-L05-01-0000908,CNC-S03-L05-01,planned_tool_change,2026-08-13T19:10:00+09:00,2026-08-13T19:40:00+09:00,1,
MNT-TOOL-CNC-S02-L04-02-0000900,CNC-S02-L04-02,planned_tool_change,2026-08-13T20:30:00+09:00,2026-08-13T21:00:00+09:00,1,
MNT-TOOL-CNC-S02-L05-02-0000916,CNC-S02-L05-02,planned_tool_change,2026-08-13T20:50:00+09:00,2026-08-13T21:20:00+09:00,1,
MNT-TOOL-CNC-S01-L02-02-0000908,CNC-S01-L02-02,planned_tool_change,2026-08-13T22:10:00+09:00,2026-08-13T22:40:00+09:00,1,
MNT-TOOL-CNC-S04-L01-02-0000926,CNC-S04-L01-02,planned_tool_change,2026-08-13T22:10:00+09:00,2026-08-13T22:40:00+09:00,1,
MNT-TOOL-CNC-S02-L01-03-0000930,CNC-S02-L01-03,planned_tool_change,2026-08-13T23:30:00+09:00,2026-08-14T00:00:00+09:00,1,
MNT-TOOL-CNC-S02-L04-04-0000931,CNC-S02-L04-04,planned_tool_change,2026-08-13T23:50:00+09:00,2026-08-14T00:20:00+09:00,1,
MNT-TOOL-CNC-S01-L03-03-0000919,CNC-S01-L03-03,planned_tool_change,2026-08-14T00:50:00+09:00,2026-08-14T01:20:00+09:00,1,
MNT-TOOL-CNC-S02-L03-04-0000937,CNC-S02-L03-04,planned_tool_change,2026-08-14T01:50:00+09:00,2026-08-14T02:20:00+09:00,1,
MNT-TOOL-CNC-S01-L02-04-0000938,CNC-S01-L02-04,planned_tool_change,2026-08-14T02:10:00+09:00,2026-08-14T02:40:00+09:00,1,
MNT-TOOL-CNC-S03-L02-02-0000939,CNC-S03-L02-02,planned_tool_change,2026-08-14T02:30:00+09:00,2026-08-14T03:00:00+09:00,1,
MNT-TOOL-CNC-S04-L04-04-0000931,CNC-S04-L04-04,planned_tool_change,2026-08-14T02:50:00+09:00,2026-08-14T03:20:00+09:00,1,
MNT-TOOL-CNC-S03-L05-04-0000941,CNC-S03-L05-04,planned_tool_change,2026-08-14T03:10:00+09:00,2026-08-14T03:40:00+09:00,1,
MNT-TOOL-CNC-S03-L03-02-0000949,CNC-S03-L03-02,planned_tool_change,2026-08-14T08:50:00+09:00,2026-08-14T09:20:00+09:00,1,
MNT-TOOL-CNC-S03-L04-03-0000949,CNC-S03-L04-03,planned_tool_change,2026-08-14T12:50:00+09:00,2026-08-14T13:20:00+09:00,1,
MNT-EVT-18384db60124bb00-001,CMP-S01-L01-01,failure_recovery,2026-08-14T16:00:00+09:00,2026-08-14T23:00:00+09:00,0,EVT-18384db60124bb00-001
MNT-TOOL-CNC-S03-L05-03-0000971,CNC-S03-L05-03,planned_tool_change,2026-08-14T19:00:00+09:00,2026-08-14T19:30:00+09:00,1,
MNT-TOOL-CNC-S02-L03-03-0000984,CNC-S02-L03-03,planned_tool_change,2026-08-14T19:20:00+09:00,2026-08-14T19:50:00+09:00,1,
MNT-TOOL-CNC-S02-L02-03-0000981,CNC-S02-L02-03,planned_tool_change,2026-08-14T22:20:00+09:00,2026-08-14T22:50:00+09:00,1,
MNT-EVT-002d878c3cec7b9d-001,CNC-S01-L04-02,failure_recovery,2026-08-15T01:00:00+09:00,2026-08-15T05:00:00+09:00,0,EVT-002d878c3cec7b9d-001
MNT-EVT-c9adad2e4ee87cb0-001,CNC-S02-L04-03,failure_recovery,2026-08-15T11:10:00+09:00,2026-08-15T14:00:00+09:00,1,EVT-c9adad2e4ee87cb0-001
MNT-TOOL-CNC-S01-L05-04-0001038,CNC-S01-L05-04,planned_tool_change,2026-08-15T12:00:00+09:00,2026-08-15T12:30:00+09:00,1,
MNT-TOOL-CNC-S03-L01-02-0001039,CNC-S03-L01-02,planned_tool_change,2026-08-15T12:20:00+09:00,2026-08-15T12:50:00+09:00,1,
MNT-TOOL-CNC-S04-L05-04-0001029,CNC-S04-L05-04,planned_tool_change,2026-08-15T12:20:00+09:00,2026-08-15T12:50:00+09:00,1,
MNT-TOOL-CNC-S01-L03-01-0001043,CNC-S01-L03-01,planned_tool_change,2026-08-15T13:40:00+09:00,2026-08-15T14:10:00+09:00,1,
MNT-TOOL-CNC-S01-L03-02-0001057,CNC-S01-L03-02,planned_tool_change,2026-08-15T18:20:00+09:00,2026-08-15T18:50:00+09:00,1,
MNT-TOOL-CNC-S01-L04-01-0001058,CNC-S01-L04-01,planned_tool_change,2026-08-15T18:40:00+09:00,2026-08-15T19:10:00+09:00,1,
MNT-TOOL-CNC-S02-L02-01-0001042,CNC-S02-L02-01,planned_tool_change,2026-08-15T18:40:00+09:00,2026-08-15T19:10:00+09:00,1,
MNT-TOOL-CNC-S02-L04-01-0001058,CNC-S02-L04-01,planned_tool_change,2026-08-15T18:40:00+09:00,2026-08-15T19:10:00+09:00,1,
MNT-TOOL-CNC-S03-L02-04-0001061,CNC-S03-L02-04,planned_tool_change,2026-08-15T19:40:00+09:00,2026-08-15T20:10:00+09:00,1,
MNT-TOOL-CNC-S01-L02-03-0001063,CNC-S01-L02-03,planned_tool_change,2026-08-15T20:20:00+09:00,2026-08-15T20:50:00+09:00,1,
MNT-TOOL-CNC-S01-L04-04-0001058,CNC-S01-L04-04,planned_tool_change,2026-08-15T21:00:00+09:00,2026-08-15T21:30:00+09:00,1,
MNT-TOOL-CNC-S01-L05-02-0001065,CNC-S01-L05-02,planned_tool_change,2026-08-15T21:00:00+09:00,2026-08-15T21:30:00+09:00,1,
MNT-TOOL-CNC-S04-L01-04-0001065,CNC-S04-L01-04,planned_tool_change,2026-08-15T21:00:00+09:00,2026-08-15T21:30:00+09:00,1,
MNT-TOOL-CNC-S01-L01-04-0001049,CNC-S01-L01-04,planned_tool_change,2026-08-15T21:40:00+09:00,2026-08-15T22:10:00+09:00,1,
MNT-TOOL-CNC-S02-L05-04-0001069,CNC-S02-L05-04,planned_tool_change,2026-08-15T22:20:00+09:00,2026-08-15T22:50:00+09:00,1,
MNT-TOOL-CNC-S03-L01-04-0001069,CNC-S03-L01-04,planned_tool_change,2026-08-15T22:20:00+09:00,2026-08-15T22:50:00+09:00,1,
MNT-TOOL-CNC-S04-L05-01-0001039,CNC-S04-L05-01,planned_tool_change,2026-08-16T01:20:00+09:00,2026-08-16T01:50:00+09:00,1,
MNT-EVT-397909eb7f2bb218-001,CNC-S01-L04-03,failure_recovery,2026-08-16T02:00:00+09:00,2026-08-16T07:00:00+09:00,0,EVT-397909eb7f2bb218-001
MNT-TOOL-CNC-S04-L01-01-0001081,CNC-S04-L01-01,planned_tool_change,2026-08-16T02:20:00+09:00,2026-08-16T02:50:00+09:00,1,
MNT-TOOL-CNC-S04-L04-02-0001084,CNC-S04-L04-02,planned_tool_change,2026-08-16T03:20:00+09:00,2026-08-16T03:50:00+09:00,1,
MNT-TOOL-CNC-S04-L01-03-0001085,CNC-S04-L01-03,planned_tool_change,2026-08-16T03:40:00+09:00,2026-08-16T04:10:00+09:00,1,
MNT-TOOL-CNC-S04-L03-02-0001085,CNC-S04-L03-02,planned_tool_change,2026-08-16T03:40:00+09:00,2026-08-16T04:10:00+09:00,1,
MNT-TOOL-CNC-S04-L02-02-0001088,CNC-S04-L02-02,planned_tool_change,2026-08-16T04:40:00+09:00,2026-08-16T05:10:00+09:00,1,
MNT-TOOL-CNC-S04-L03-04-0001089,CNC-S04-L03-04,planned_tool_change,2026-08-16T05:00:00+09:00,2026-08-16T05:30:00+09:00,1,
MNT-TOOL-CNC-S01-L02-01-0001093,CNC-S01-L02-01,planned_tool_change,2026-08-16T06:20:00+09:00,2026-08-16T06:50:00+09:00,1,
MNT-TOOL-CNC-S02-L05-03-0001093,CNC-S02-L05-03,planned_tool_change,2026-08-16T06:20:00+09:00,2026-08-16T06:50:00+09:00,1,
MNT-TOOL-CNC-S01-L01-02-0001094,CNC-S01-L01-02,planned_tool_change,2026-08-16T06:40:00+09:00,2026-08-16T07:10:00+09:00,1,
MNT-TOOL-CNC-S04-L02-04-0001094,CNC-S04-L02-04,planned_tool_change,2026-08-16T06:40:00+09:00,2026-08-16T07:10:00+09:00,1,
MNT-TOOL-CNC-S02-L01-01-0001095,CNC-S02-L01-01,planned_tool_change,2026-08-16T07:00:00+09:00,2026-08-16T07:30:00+09:00,1,
MNT-TOOL-CNC-S02-L01-02-0001095,CNC-S02-L01-02,planned_tool_change,2026-08-16T07:00:00+09:00,2026-08-16T07:30:00+09:00,1,
MNT-TOOL-CNC-S02-L05-01-0001072,CNC-S02-L05-01,planned_tool_change,2026-08-16T07:20:00+09:00,2026-08-16T07:50:00+09:00,1,
MNT-TOOL-CNC-S02-L03-02-0001078,CNC-S02-L03-02,planned_tool_change,2026-08-16T08:20:00+09:00,2026-08-16T08:50:00+09:00,1,
MNT-TOOL-CNC-S01-L04-03-0001086,CNC-S01-L04-03,planned_tool_change,2026-08-16T09:00:00+09:00,2026-08-16T09:30:00+09:00,1,
MNT-TOOL-CNC-S02-L03-01-0001101,CNC-S02-L03-01,planned_tool_change,2026-08-16T09:00:00+09:00,2026-08-16T09:30:00+09:00,1,
MNT-TOOL-CNC-S03-L01-03-0001102,CNC-S03-L01-03,planned_tool_change,2026-08-16T09:20:00+09:00,2026-08-16T09:50:00+09:00,1,
MNT-TOOL-CNC-S01-L04-02-0001092,CNC-S01-L04-02,planned_tool_change,2026-08-16T10:00:00+09:00,2026-08-16T10:30:00+09:00,1,
MNT-TOOL-CNC-S02-L02-04-0001104,CNC-S02-L02-04,planned_tool_change,2026-08-16T10:00:00+09:00,2026-08-16T10:30:00+09:00,1,
MNT-TOOL-CNC-S03-L02-03-0001081,CNC-S03-L02-03,planned_tool_change,2026-08-16T10:20:00+09:00,2026-08-16T10:50:00+09:00,1,
MNT-TOOL-CNC-S04-L05-03-0001105,CNC-S04-L05-03,planned_tool_change,2026-08-16T10:20:00+09:00,2026-08-16T10:50:00+09:00,1,
MNT-TOOL-CNC-S03-L04-01-0001107,CNC-S03-L04-01,planned_tool_change,2026-08-16T11:00:00+09:00,2026-08-16T11:30:00+09:00,1,
MNT-TOOL-CNC-S03-L05-02-0001110,CNC-S03-L05-02,planned_tool_change,2026-08-16T12:00:00+09:00,2026-08-16T12:30:00+09:00,1,
MNT-TOOL-CNC-S04-L02-01-0001112,CNC-S04-L02-01,planned_tool_change,2026-08-16T12:40:00+09:00,2026-08-16T13:10:00+09:00,1,
MNT-TOOL-CNC-S04-L03-03-0001112,CNC-S04-L03-03,planned_tool_change,2026-08-16T12:40:00+09:00,2026-08-16T13:10:00+09:00,1,
MNT-TOOL-CNC-S01-L01-03-0001113,CNC-S01-L01-03,planned_tool_change,2026-08-16T13:00:00+09:00,2026-08-16T13:30:00+09:00,1,
MNT-TOOL-CNC-S01-L05-01-0001115,CNC-S01-L05-01,planned_tool_change,2026-08-16T13:40:00+09:00,2026-08-16T14:10:00+09:00,1,
MNT-TOOL-CNC-S03-L03-03-0001115,CNC-S03-L03-03,planned_tool_change,2026-08-16T13:40:00+09:00,2026-08-16T14:10:00+09:00,1,
MNT-TOOL-CNC-S03-L03-01-0001118,CNC-S03-L03-01,planned_tool_change,2026-08-16T14:40:00+09:00,2026-08-16T15:10:00+09:00,1,
MNT-TOOL-CNC-S01-L03-04-0001119,CNC-S01-L03-04,planned_tool_change,2026-08-16T15:00:00+09:00,2026-08-16T15:30:00+09:00,1,
MNT-TOOL-CNC-S02-L01-04-0001119,CNC-S02-L01-04,planned_tool_change,2026-08-16T15:00:00+09:00,2026-08-16T15:30:00+09:00,1,
MNT-TOOL-CNC-S03-L01-01-0001120,CNC-S03-L01-01,planned_tool_change,2026-08-16T15:20:00+09:00,2026-08-16T15:50:00+09:00,1,
MNT-TOOL-CNC-S03-L04-02-0001120,CNC-S03-L04-02,planned_tool_change,2026-08-16T15:20:00+09:00,2026-08-16T15:50:00+09:00,1,
MNT-TOOL-CNC-S02-L02-02-0001123,CNC-S02-L02-02,planned_tool_change,2026-08-16T16:20:00+09:00,2026-08-16T16:50:00+09:00,1,
MNT-TOOL-CNC-S02-L05-02-0001119,CNC-S02-L05-02,planned_tool_change,2026-08-16T17:00:00+09:00,2026-08-16T17:30:00+09:00,1,
MNT-TOOL-CNC-S03-L02-01-0001111,CNC-S03-L02-01,planned_tool_change,2026-08-16T17:20:00+09:00,2026-08-16T17:50:00+09:00,1,
MNT-TOOL-CNC-S04-L03-01-0001127,CNC-S04-L03-01,planned_tool_change,2026-08-16T17:40:00+09:00,2026-08-16T18:10:00+09:00,1,
MNT-TOOL-CNC-S04-L05-02-0001129,CNC-S04-L05-02,planned_tool_change,2026-08-16T18:20:00+09:00,2026-08-16T18:50:00+09:00,1,
MNT-EVT-d7dd84367be92279-001,CNC-S04-L04-01,failure_recovery,2026-08-16T19:00:00+09:00,2026-08-17T01:00:00+09:00,0,EVT-d7dd84367be92279-001
MNT-TOOL-CNC-S03-L05-04-0001134,CNC-S03-L05-04,planned_tool_change,2026-08-16T20:00:00+09:00,2026-08-16T20:30:00+09:00,1,
MNT-TOOL-CNC-S02-L04-04-0001135,CNC-S02-L04-04,planned_tool_change,2026-08-16T20:20:00+09:00,2026-08-16T20:50:00+09:00,1,
MNT-TOOL-CNC-S01-L05-03-0001137,CNC-S01-L05-03,planned_tool_change,2026-08-16T21:00:00+09:00,2026-08-16T21:30:00+09:00,1,
MNT-TOOL-CNC-S03-L03-04-0001115,CNC-S03-L03-04,planned_tool_change,2026-08-16T21:00:00+09:00,2026-08-16T21:30:00+09:00,1,
MNT-TOOL-CNC-S01-L03-03-0001125,CNC-S01-L03-03,planned_tool_change,2026-08-16T22:00:00+09:00,2026-08-16T22:30:00+09:00,1,
MNT-TOOL-CNC-S02-L01-03-0001143,CNC-S02-L01-03,planned_tool_change,2026-08-16T23:00:00+09:00,2026-08-16T23:30:00+09:00,1,
MNT-TOOL-CNC-S03-L05-01-0001134,CNC-S03-L05-01,planned_tool_change,2026-08-16T23:00:00+09:00,2026-08-16T23:30:00+09:00,1,
MNT-TOOL-CNC-S01-L01-01-0001145,CNC-S01-L01-01,planned_tool_change,2026-08-16T23:40:00+09:00,2026-08-17T00:10:00+09:00,1,
MNT-TOOL-CNC-S03-L04-04-0001145,CNC-S03-L04-04,planned_tool_change,2026-08-16T23:40:00+09:00,2026-08-17T00:10:00+09:00,1,
MNT-TOOL-CNC-S04-L04-03-0001147,CNC-S04-L04-03,planned_tool_change,2026-08-17T00:20:00+09:00,2026-08-17T00:50:00+09:00,1,
MNT-TOOL-CNC-S01-L02-02-0001132,CNC-S01-L02-02,planned_tool_change,2026-08-17T01:20:00+09:00,2026-08-17T01:50:00+09:00,1,
MNT-TOOL-CNC-S04-L04-01-0001132,CNC-S04-L04-01,planned_tool_change,2026-08-17T01:20:00+09:00,2026-08-17T01:50:00+09:00,1,
MNT-TOOL-CNC-S02-L03-04-0001153,CNC-S02-L03-04,planned_tool_change,2026-08-17T02:20:00+09:00,2026-08-17T02:50:00+09:00,1,
MNT-TOOL-CNC-S02-L04-02-0001134,CNC-S02-L04-02,planned_tool_change,2026-08-17T03:00:00+09:00,2026-08-17T03:30:00+09:00,1,
MNT-TOOL-CNC-S04-L02-03-0001159,CNC-S04-L02-03,planned_tool_change,2026-08-17T04:20:00+09:00,2026-08-17T04:50:00+09:00,1,
MNT-TOOL-CNC-S03-L03-02-0001158,CNC-S03-L03-02,planned_tool_change,2026-08-17T07:00:00+09:00,2026-08-17T07:30:00+09:00,1,
MNT-TOOL-CNC-S04-L01-02-0001169,CNC-S04-L01-02,planned_tool_change,2026-08-17T07:40:00+09:00,2026-08-17T08:10:00+09:00,1,
MNT-TOOL-CNC-S01-L02-04-0001173,CNC-S01-L02-04,planned_tool_change,2026-08-17T09:00:00+09:00,2026-08-17T09:30:00+09:00,1,
MNT-TOOL-CNC-S03-L02-02-0001188,CNC-S03-L02-02,planned_tool_change,2026-08-17T14:00:00+09:00,2026-08-17T14:30:00+09:00,1,
MNT-TOOL-CNC-S04-L04-04-0001181,CNC-S04-L04-04,planned_tool_change,2026-08-17T14:40:00+09:00,2026-08-17T15:10:00+09:00,1,
MNT-TOOL-CNC-S02-L03-03-0001187,CNC-S02-L03-03,planned_tool_change,2026-08-17T15:30:00+09:00,2026-08-17T16:00:00+09:00,1,
MNT-TOOL-CNC-S03-L04-03-0001176,CNC-S03-L04-03,planned_tool_change,2026-08-17T17:00:00+09:00,2026-08-17T17:30:00+09:00,1,
MNT-EVT-3c8cf76234a90adb-001,CNC-S01-L04-01,failure_recovery,2026-08-17T17:00:00+09:00,2026-08-17T23:00:00+09:00,0,EVT-3c8cf76234a90adb-001
MNT-EVT-418b91065f71a774-001,CNC-S02-L03-01,failure_recovery,2026-08-17T18:10:00+09:00,2026-08-17T22:00:00+09:00,1,EVT-418b91065f71a774-001
MNT-EVT-a46669fc50453e4c-001,CMP-S03-L01-01,failure_recovery,2026-08-17T18:00:00+09:00,2026-08-18T04:00:00+09:00,0,EVT-a46669fc50453e4c-001
MNT-EVT-2bdd5559fd617f4d-001,CNC-S02-L02-02,failure_recovery,2026-08-17T20:10:00+09:00,2026-08-17T22:00:00+09:00,1,EVT-2bdd5559fd617f4d-001
MNT-TOOL-CNC-S02-L02-03-0001197,CNC-S02-L02-03,planned_tool_change,2026-08-17T22:50:00+09:00,2026-08-17T23:20:00+09:00,1,
MNT-TOOL-CNC-S03-L05-03-0001207,CNC-S03-L05-03,planned_tool_change,2026-08-18T02:10:00+09:00,2026-08-18T02:40:00+09:00,1,
MNT-EVT-f0d2a1ebd5ad3f6d-001,CNC-S02-L05-04,failure_recovery,2026-08-18T05:00:00+09:00,2026-08-18T09:00:00+09:00,0,EVT-f0d2a1ebd5ad3f6d-001
MNT-TOOL-CNC-S01-L03-01-0001240,CNC-S01-L03-01,planned_tool_change,2026-08-18T07:50:00+09:00,2026-08-18T08:20:00+09:00,1,
MNT-TOOL-CNC-S04-L05-04-0001244,CNC-S04-L05-04,planned_tool_change,2026-08-18T12:30:00+09:00,2026-08-18T13:00:00+09:00,1,
MNT-TOOL-CNC-S03-L01-02-0001255,CNC-S03-L01-02,planned_tool_change,2026-08-18T12:50:00+09:00,2026-08-18T13:20:00+09:00,1,
MNT-TOOL-CNC-S04-L01-04-0001257,CNC-S04-L01-04,planned_tool_change,2026-08-18T13:30:00+09:00,2026-08-18T14:00:00+09:00,1,
MNT-TOOL-CNC-S03-L01-04-0001263,CNC-S03-L01-04,planned_tool_change,2026-08-18T15:30:00+09:00,2026-08-18T16:00:00+09:00,1,
MNT-TOOL-CNC-S01-L03-02-0001267,CNC-S01-L03-02,planned_tool_change,2026-08-18T16:50:00+09:00,2026-08-18T17:20:00+09:00,1,
MNT-TOOL-CNC-S02-L04-03-0001265,CNC-S02-L04-03,planned_tool_change,2026-08-18T18:30:00+09:00,2026-08-18T19:00:00+09:00,1,
MNT-TOOL-CNC-S02-L04-01-0001273,CNC-S02-L04-01,planned_tool_change,2026-08-18T18:50:00+09:00,2026-08-18T19:20:00+09:00,1,
MNT-TOOL-CNC-S01-L05-04-0001275,CNC-S01-L05-04,planned_tool_change,2026-08-18T19:30:00+09:00,2026-08-18T20:00:00+09:00,1,
MNT-TOOL-CNC-S02-L05-04-0001263,CNC-S02-L05-04,planned_tool_change,2026-08-18T19:30:00+09:00,2026-08-18T20:00:00+09:00,1,
MNT-TOOL-CNC-S01-L01-04-0001259,CNC-S01-L01-04,planned_tool_change,2026-08-18T20:10:00+09:00,2026-08-18T20:40:00+09:00,1,
MNT-TOOL-CNC-S03-L02-04-0001280,CNC-S03-L02-04,planned_tool_change,2026-08-18T21:10:00+09:00,2026-08-18T21:40:00+09:00,1,
MNT-TOOL-CNC-S01-L05-02-0001288,CNC-S01-L05-02,planned_tool_change,2026-08-18T23:50:00+09:00,2026-08-19T00:20:00+09:00,1,
MNT-TOOL-CNC-S04-L01-03-0001288,CNC-S04-L01-03,planned_tool_change,2026-08-18T23:50:00+09:00,2026-08-19T00:20:00+09:00,1,
MNT-TOOL-CNC-S04-L05-01-0001249,CNC-S04-L05-01,planned_tool_change,2026-08-18T23:50:00+09:00,2026-08-19T00:20:00+09:00,1,
MNT-TOOL-CNC-S04-L03-02-0001290,CNC-S04-L03-02,planned_tool_change,2026-08-19T00:30:00+09:00,2026-08-19T01:00:00+09:00,1,
MNT-EVT-0275d75fcb49cd7b-001,CNC-S01-L02-04,failure_recovery,2026-08-19T02:00:00+09:00,2026-08-19T06:00:00+09:00,0,EVT-0275d75fcb49cd7b-001
MNT-TOOL-CNC-S02-L02-01-0001280,CNC-S02-L02-01,planned_tool_change,2026-08-19T02:30:00+09:00,2026-08-19T03:00:00+09:00,1,
MNT-TOOL-CNC-S01-L04-04-0001291,CNC-S01-L04-04,planned_tool_change,2026-08-19T03:10:00+09:00,2026-08-19T03:40:00+09:00,1,
MNT-TOOL-CNC-S01-L01-03-0001302,CNC-S01-L01-03,planned_tool_change,2026-08-19T04:30:00+09:00,2026-08-19T05:00:00+09:00,1,
MNT-TOOL-CNC-S04-L01-01-0001303,CNC-S04-L01-01,planned_tool_change,2026-08-19T04:50:00+09:00,2026-08-19T05:20:00+09:00,1,
MNT-TOOL-CNC-S04-L02-02-0001304,CNC-S04-L02-02,planned_tool_change,2026-08-19T05:10:00+09:00,2026-08-19T05:40:00+09:00,1,
MNT-EVT-ce850ef276bca16b-001,CNC-S04-L04-03,failure_recovery,2026-08-19T05:10:00+09:00,2026-08-19T10:00:00+09:00,1,EVT-ce850ef276bca16b-001
MNT-TOOL-CNC-S01-L02-01-0001305,CNC-S01-L02-01,planned_tool_change,2026-08-19T05:30:00+09:00,2026-08-19T06:00:00+09:00,1,
MNT-TOOL-CNC-S01-L04-02-0001295,CNC-S01-L04-02,planned_tool_change,2026-08-19T06:10:00+09:00,2026-08-19T06:40:00+09:00,1,
MNT-TOOL-CNC-S03-L03-03-0001307,CNC-S03-L03-03,planned_tool_change,2026-08-19T06:10:00+09:00,2026-08-19T06:40:00+09:00,1,
MNT-TOOL-CNC-S03-L02-03-0001285,CNC-S03-L02-03,planned_tool_change,2026-08-19T06:50:00+09:00,2026-08-19T07:20:00+09:00,1,
MNT-TOOL-CNC-S01-L03-04-0001310,CNC-S01-L03-04,planned_tool_change,2026-08-19T07:10:00+09:00,2026-08-19T07:40:00+09:00,1,
MNT-TOOL-CNC-S01-L04-03-0001296,CNC-S01-L04-03,planned_tool_change,2026-08-19T07:30:00+09:00,2026-08-19T08:00:00+09:00,1,
MNT-TOOL-CNC-S02-L01-01-0001312,CNC-S02-L01-01,planned_tool_change,2026-08-19T07:50:00+09:00,2026-08-19T08:20:00+09:00,1,
MNT-TOOL-CNC-S02-L05-01-0001289,CNC-S02-L05-01,planned_tool_change,2026-08-19T08:10:00+09:00,2026-08-19T08:40:00+09:00,1,
MNT-EVT-67211e509de4b761-001,CNC-S03-L05-04,failure_recovery,2026-08-19T08:00:00+09:00,2026-08-19T10:00:00+09:00,0,EVT-67211e509de4b761-001
MNT-TOOL-CNC-S01-L02-03-0001314,CNC-S01-L02-03,planned_tool_change,2026-08-19T08:30:00+09:00,2026-08-19T09:00:00+09:00,1,
MNT-TOOL-CNC-S02-L05-03-0001315,CNC-S02-L05-03,planned_tool_change,2026-08-19T08:50:00+09:00,2026-08-19T09:20:00+09:00,1,
MNT-TOOL-CNC-S02-L05-02-0001310,CNC-S02-L05-02,planned_tool_change,2026-08-19T09:10:00+09:00,2026-08-19T09:40:00+09:00,1,
MNT-TOOL-CNC-S03-L01-03-0001316,CNC-S03-L01-03,planned_tool_change,2026-08-19T09:10:00+09:00,2026-08-19T09:40:00+09:00,1,
MNT-TOOL-CNC-S04-L03-04-0001318,CNC-S04-L03-04,planned_tool_change,2026-08-19T09:50:00+09:00,2026-08-19T10:20:00+09:00,1,
MNT-TOOL-CNC-S04-L02-01-0001322,CNC-S04-L02-01,planned_tool_change,2026-08-19T11:10:00+09:00,2026-08-19T11:40:00+09:00,1,
MNT-TOOL-CNC-S01-L04-01-0001307,CNC-S01-L04-01,planned_tool_change,2026-08-19T12:10:00+09:00,2026-08-19T12:40:00+09:00,1,
MNT-TOOL-CNC-S02-L02-04-0001329,CNC-S02-L02-04,planned_tool_change,2026-08-19T13:30:00+09:00,2026-08-19T14:00:00+09:00,1,
MNT-TOOL-CNC-S02-L04-04-0001329,CNC-S02-L04-04,planned_tool_change,2026-08-19T13:30:00+09:00,2026-08-19T14:00:00+09:00,1,
MNT-TOOL-CNC-S02-L01-02-0001331,CNC-S02-L01-02,planned_tool_change,2026-08-19T14:10:00+09:00,2026-08-19T14:40:00+09:00,1,
MNT-TOOL-CNC-S04-L04-02-0001331,CNC-S04-L04-02,planned_tool_change,2026-08-19T14:10:00+09:00,2026-08-19T14:40:00+09:00,1,
MNT-TOOL-CNC-S03-L03-01-0001333,CNC-S03-L03-01,planned_tool_change,2026-08-19T14:50:00+09:00,2026-08-19T15:20:00+09:00,1,
MNT-EVT-3c227d4d1e1996c6-001,CMP-S03-L04-01,failure_recovery,2026-08-19T15:00:00+09:00,2026-08-20T01:00:00+09:00,0,EVT-3c227d4d1e1996c6-001
MNT-TOOL-CNC-S03-L05-01-0001325,CNC-S03-L05-01,planned_tool_change,2026-08-19T15:10:00+09:00,2026-08-19T15:40:00+09:00,1,
MNT-TOOL-CNC-S02-L03-02-0001314,CNC-S02-L03-02,planned_tool_change,2026-08-19T15:30:00+09:00,2026-08-19T16:00:00+09:00,1,
MNT-TOOL-CNC-S03-L01-01-0001335,CNC-S03-L01-01,planned_tool_change,2026-08-19T15:30:00+09:00,2026-08-19T16:00:00+09:00,1,
MNT-TOOL-CNC-S04-L03-01-0001339,CNC-S04-L03-01,planned_tool_change,2026-08-19T16:50:00+09:00,2026-08-19T17:20:00+09:00,1,
MNT-TOOL-CNC-S04-L05-03-0001340,CNC-S04-L05-03,planned_tool_change,2026-08-19T17:10:00+09:00,2026-08-19T17:40:00+09:00,1,
MNT-TOOL-CNC-S03-L04-04-0001341,CNC-S03-L04-04,planned_tool_change,2026-08-19T17:30:00+09:00,2026-08-19T18:00:00+09:00,1,
MNT-TOOL-CNC-S01-L01-02-0001343,CNC-S01-L01-02,planned_tool_change,2026-08-19T18:10:00+09:00,2026-08-19T18:40:00+09:00,1,
MNT-TOOL-CNC-S04-L02-04-0001344,CNC-S04-L02-04,planned_tool_change,2026-08-19T18:30:00+09:00,2026-08-19T19:00:00+09:00,1,
MNT-TOOL-CNC-S03-L04-02-0001347,CNC-S03-L04-02,planned_tool_change,2026-08-19T19:30:00+09:00,2026-08-19T20:00:00+09:00,1,
MNT-TOOL-CNC-S04-L05-02-0001348,CNC-S04-L05-02,planned_tool_change,2026-08-19T19:50:00+09:00,2026-08-19T20:20:00+09:00,1,
MNT-TOOL-CNC-S02-L01-03-0001349,CNC-S02-L01-03,planned_tool_change,2026-08-19T20:10:00+09:00,2026-08-19T20:40:00+09:00,1,
MNT-TOOL-CNC-S03-L05-02-0001349,CNC-S03-L05-02,planned_tool_change,2026-08-19T20:10:00+09:00,2026-08-19T20:40:00+09:00,1,
MNT-TOOL-CNC-S03-L04-01-0001352,CNC-S03-L04-01,planned_tool_change,2026-08-19T21:10:00+09:00,2026-08-19T21:40:00+09:00,1,
MNT-TOOL-CNC-S01-L05-01-0001355,CNC-S01-L05-01,planned_tool_change,2026-08-19T22:10:00+09:00,2026-08-19T22:40:00+09:00,1,
MNT-TOOL-CNC-S01-L02-02-0001342,CNC-S01-L02-02,planned_tool_change,2026-08-19T23:50:00+09:00,2026-08-20T00:20:00+09:00,1,
MNT-TOOL-CNC-S03-L02-01-0001345,CNC-S03-L02-01,planned_tool_change,2026-08-19T23:50:00+09:00,2026-08-20T00:20:00+09:00,1,
MNT-TOOL-CNC-S01-L05-03-0001361,CNC-S01-L05-03,planned_tool_change,2026-08-20T00:10:00+09:00,2026-08-20T00:40:00+09:00,1,
MNT-TOOL-CNC-S03-L05-04-0001356,CNC-S03-L05-04,planned_tool_change,2026-08-20T00:30:00+09:00,2026-08-20T01:00:00+09:00,1,
MNT-TOOL-CNC-S02-L01-04-0001365,CNC-S02-L01-04,planned_tool_change,2026-08-20T01:30:00+09:00,2026-08-20T02:00:00+09:00,1,
MNT-TOOL-CNC-S03-L03-02-0001357,CNC-S03-L03-02,planned_tool_change,2026-08-20T01:50:00+09:00,2026-08-20T02:20:00+09:00,1,
MNT-TOOL-CNC-S04-L03-03-0001366,CNC-S04-L03-03,planned_tool_change,2026-08-20T01:50:00+09:00,2026-08-20T02:20:00+09:00,1,
MNT-TOOL-CNC-S04-L02-03-0001367,CNC-S04-L02-03,planned_tool_change,2026-08-20T02:10:00+09:00,2026-08-20T02:40:00+09:00,1,
MNT-TOOL-CNC-S01-L01-01-0001371,CNC-S01-L01-01,planned_tool_change,2026-08-20T03:30:00+09:00,2026-08-20T04:00:00+09:00,1,
MNT-TOOL-CNC-S04-L01-02-0001374,CNC-S04-L01-02,planned_tool_change,2026-08-20T04:30:00+09:00,2026-08-20T05:00:00+09:00,1,
MNT-TOOL-CNC-S01-L02-04-0001363,CNC-S01-L02-04,planned_tool_change,2026-08-20T04:50:00+09:00,2026-08-20T05:20:00+09:00,1,
MNT-TOOL-CNC-S03-L03-04-0001359,CNC-S03-L03-04,planned_tool_change,2026-08-20T06:50:00+09:00,2026-08-20T07:20:00+09:00,1,
MNT-TOOL-CNC-S01-L03-03-0001370,CNC-S01-L03-03,planned_tool_change,2026-08-20T08:10:00+09:00,2026-08-20T08:40:00+09:00,1,
MNT-EVT-d975815f334f3a4d-001,CNC-S01-L05-03,failure_recovery,2026-08-20T09:00:00+09:00,2026-08-20T15:00:00+09:00,0,EVT-d975815f334f3a4d-001
MNT-TOOL-CNC-S02-L03-04-0001393,CNC-S02-L03-04,planned_tool_change,2026-08-20T10:50:00+09:00,2026-08-20T11:20:00+09:00,1,
MNT-TOOL-CNC-S04-L04-01-0001377,CNC-S04-L04-01,planned_tool_change,2026-08-20T11:30:00+09:00,2026-08-20T12:00:00+09:00,1,
MNT-TOOL-CNC-S02-L04-02-0001375,CNC-S02-L04-02,planned_tool_change,2026-08-20T11:50:00+09:00,2026-08-20T12:20:00+09:00,1,
MNT-TOOL-CNC-S03-L04-03-0001380,CNC-S03-L04-03,planned_tool_change,2026-08-20T13:30:00+09:00,2026-08-20T14:00:00+09:00,1,
MNT-TOOL-CNC-S02-L02-02-0001398,CNC-S02-L02-02,planned_tool_change,2026-08-20T14:20:00+09:00,2026-08-20T14:50:00+09:00,1,
MNT-TOOL-CNC-S03-L02-02-0001412,CNC-S03-L02-02,planned_tool_change,2026-08-20T17:10:00+09:00,2026-08-20T17:40:00+09:00,1,
MNT-TOOL-CNC-S04-L04-04-0001408,CNC-S04-L04-04,planned_tool_change,2026-08-20T18:50:00+09:00,2026-08-20T19:20:00+09:00,1,
MNT-TOOL-CNC-S02-L03-01-0001409,CNC-S02-L03-01,planned_tool_change,2026-08-20T20:00:00+09:00,2026-08-20T20:30:00+09:00,1,
MNT-EVT-2bc940220a3008c3-001,CMP-S01-L04-01,failure_recovery,2026-08-20T22:00:00+09:00,2026-08-21T04:00:00+09:00,0,EVT-2bc940220a3008c3-001
MNT-TOOL-CNC-S03-L05-03-0001415,CNC-S03-L05-03,planned_tool_change,2026-08-21T00:00:00+09:00,2026-08-21T00:30:00+09:00,1,
MNT-TOOL-CNC-S02-L03-03-0001430,CNC-S02-L03-03,planned_tool_change,2026-08-21T01:00:00+09:00,2026-08-21T01:30:00+09:00,1,
MNT-TOOL-CNC-S02-L02-03-0001434,CNC-S02-L02-03,planned_tool_change,2026-08-21T06:20:00+09:00,2026-08-21T06:50:00+09:00,1,
MNT-TOOL-CNC-S03-L01-04-0001464,CNC-S03-L01-04,planned_tool_change,2026-08-21T11:00:00+09:00,2026-08-21T11:30:00+09:00,1,
MNT-TOOL-CNC-S01-L03-01-0001466,CNC-S01-L03-01,planned_tool_change,2026-08-21T11:40:00+09:00,2026-08-21T12:10:00+09:00,1,
MNT-EVT-19aacdd8e25a7389-001,CNC-S01-L05-03,failure_recovery,2026-08-21T12:10:00+09:00,2026-08-21T14:00:00+09:00,1,EVT-19aacdd8e25a7389-001
MNT-EVT-f1d1e512555d173f-001,CMP-S02-L03-01,failure_recovery,2026-08-21T13:00:00+09:00,2026-08-21T18:00:00+09:00,0,EVT-f1d1e512555d173f-001
MNT-TOOL-CNC-S04-L01-04-0001472,CNC-S04-L01-04,planned_tool_change,2026-08-21T13:40:00+09:00,2026-08-21T14:10:00+09:00,1,
MNT-TOOL-CNC-S04-L05-04-0001463,CNC-S04-L05-04,planned_tool_change,2026-08-21T14:00:00+09:00,2026-08-21T14:30:00+09:00,1,
MNT-TOOL-CNC-S02-L04-01-0001481,CNC-S02-L04-01,planned_tool_change,2026-08-21T16:40:00+09:00,2026-08-21T17:10:00+09:00,1,
MNT-TOOL-CNC-S04-L03-02-0001485,CNC-S04-L03-02,planned_tool_change,2026-08-21T18:00:00+09:00,2026-08-21T18:30:00+09:00,1,
MNT-EVT-a35af22b520b9c17-001,CNC-S04-L04-02,failure_recovery,2026-08-21T18:00:00+09:00,2026-08-21T22:00:00+09:00,0,EVT-a35af22b520b9c17-001
MNT-TOOL-CNC-S02-L04-03-0001486,CNC-S02-L04-03,planned_tool_change,2026-08-21T20:40:00+09:00,2026-08-21T21:10:00+09:00,1,
MNT-TOOL-CNC-S03-L01-02-0001493,CNC-S03-L01-02,planned_tool_change,2026-08-21T20:40:00+09:00,2026-08-21T21:10:00+09:00,1,
MNT-TOOL-CNC-S04-L02-02-0001494,CNC-S04-L02-02,planned_tool_change,2026-08-21T21:00:00+09:00,2026-08-21T21:30:00+09:00,1,
MNT-TOOL-CNC-S04-L01-03-0001498,CNC-S04-L01-03,planned_tool_change,2026-08-21T22:20:00+09:00,2026-08-21T22:50:00+09:00,1,
MNT-TOOL-CNC-S02-L02-01-0001484,CNC-S02-L02-01,planned_tool_change,2026-08-21T23:00:00+09:00,2026-08-21T23:30:00+09:00,1,
MNT-TOOL-CNC-S01-L01-04-0001487,CNC-S01-L01-04,planned_tool_change,2026-08-22T00:40:00+09:00,2026-08-22T01:10:00+09:00,1,
MNT-TOOL-CNC-S01-L03-02-0001506,CNC-S01-L03-02,planned_tool_change,2026-08-22T01:00:00+09:00,2026-08-22T01:30:00+09:00,1,
MNT-TOOL-CNC-S01-L04-04-0001501,CNC-S01-L04-04,planned_tool_change,2026-08-22T01:40:00+09:00,2026-08-22T02:10:00+09:00,1,
MNT-EVT-09773a6ce3fcac49-001,CMP-S04-L05-01,failure_recovery,2026-08-22T02:00:00+09:00,2026-08-22T10:00:00+09:00,0,EVT-09773a6ce3fcac49-001
MNT-TOOL-CNC-S01-L02-03-0001512,CNC-S01-L02-03,planned_tool_change,2026-08-22T03:00:00+09:00,2026-08-22T03:30:00+09:00,1,
MNT-TOOL-CNC-S01-L05-04-0001514,CNC-S01-L05-04,planned_tool_change,2026-08-22T03:40:00+09:00,2026-08-22T04:10:00+09:00,1,
MNT-TOOL-CNC-S04-L05-01-0001476,CNC-S04-L05-01,planned_tool_change,2026-08-22T04:00:00+09:00,2026-08-22T04:30:00+09:00,1,
MNT-TOOL-CNC-S02-L05-04-0001505,CNC-S02-L05-04,planned_tool_change,2026-08-22T04:40:00+09:00,2026-08-22T05:10:00+09:00,1,
MNT-TOOL-CNC-S03-L02-04-0001517,CNC-S03-L02-04,planned_tool_change,2026-08-22T04:40:00+09:00,2026-08-22T05:10:00+09:00,1,
MNT-TOOL-CNC-S03-L03-01-0001521,CNC-S03-L03-01,planned_tool_change,2026-08-22T06:00:00+09:00,2026-08-22T06:30:00+09:00,1,
MNT-TOOL-CNC-S01-L02-01-0001525,CNC-S01-L02-01,planned_tool_change,2026-08-22T07:20:00+09:00,2026-08-22T07:50:00+09:00,1,
MNT-TOOL-CNC-S04-L04-03-0001512,CNC-S04-L04-03,planned_tool_change,2026-08-22T07:20:00+09:00,2026-08-22T07:50:00+09:00,1,
MNT-TOOL-CNC-S03-L01-03-0001528,CNC-S03-L01-03,planned_tool_change,2026-08-22T08:20:00+09:00,2026-08-22T08:50:00+09:00,1,
MNT-TOOL-CNC-S03-L03-03-0001529,CNC-S03-L03-03,planned_tool_change,2026-08-22T08:40:00+09:00,2026-08-22T09:10:00+09:00,1,
MNT-TOOL-CNC-S04-L02-01-0001530,CNC-S04-L02-01,planned_tool_change,2026-08-22T09:00:00+09:00,2026-08-22T09:30:00+09:00,1,
MNT-TOOL-CNC-S02-L04-04-0001531,CNC-S02-L04-04,planned_tool_change,2026-08-22T09:20:00+09:00,2026-08-22T09:50:00+09:00,1,
MNT-TOOL-CNC-S01-L04-03-0001517,CNC-S01-L04-03,planned_tool_change,2026-08-22T09:40:00+09:00,2026-08-22T10:10:00+09:00,1,
MNT-TOOL-CNC-S02-L03-02-0001512,CNC-S02-L03-02,planned_tool_change,2026-08-22T10:00:00+09:00,2026-08-22T10:30:00+09:00,1,
MNT-TOOL-CNC-S03-L05-01-0001526,CNC-S03-L05-01,planned_tool_change,2026-08-22T10:40:00+09:00,2026-08-22T11:10:00+09:00,1,
MNT-TOOL-CNC-S01-L05-02-0001537,CNC-S01-L05-02,planned_tool_change,2026-08-22T11:20:00+09:00,2026-08-22T11:50:00+09:00,1,
MNT-EVT-2ecfc98059db3ec2-001,CNC-S03-L03-01,failure_recovery,2026-08-22T12:00:00+09:00,2026-08-22T16:00:00+09:00,0,EVT-2ecfc98059db3ec2-001
MNT-TOOL-CNC-S01-L04-01-0001524,CNC-S01-L04-01,planned_tool_change,2026-08-22T13:00:00+09:00,2026-08-22T13:30:00+09:00,1,
MNT-TOOL-CNC-S01-L04-02-0001531,CNC-S01-L04-02,planned_tool_change,2026-08-22T13:20:00+09:00,2026-08-22T13:50:00+09:00,1,
MNT-TOOL-CNC-S02-L05-01-0001519,CNC-S02-L05-01,planned_tool_change,2026-08-22T13:20:00+09:00,2026-08-22T13:50:00+09:00,1,
MNT-TOOL-CNC-S01-L01-03-0001544,CNC-S01-L01-03,planned_tool_change,2026-08-22T13:40:00+09:00,2026-08-22T14:10:00+09:00,1,
MNT-TOOL-CNC-S04-L01-01-0001544,CNC-S04-L01-01,planned_tool_change,2026-08-22T13:40:00+09:00,2026-08-22T14:10:00+09:00,1,
MNT-TOOL-CNC-S03-L04-02-0001545,CNC-S03-L04-02,planned_tool_change,2026-08-22T14:00:00+09:00,2026-08-22T14:30:00+09:00,1,
MNT-TOOL-CNC-S01-L03-04-0001547,CNC-S01-L03-04,planned_tool_change,2026-08-22T14:40:00+09:00,2026-08-22T15:10:00+09:00,1,
MNT-TOOL-CNC-S02-L02-04-0001547,CNC-S02-L02-04,planned_tool_change,2026-08-22T14:40:00+09:00,2026-08-22T15:10:00+09:00,1,
MNT-TOOL-CNC-S03-L02-03-0001524,CNC-S03-L02-03,planned_tool_change,2026-08-22T15:00:00+09:00,2026-08-22T15:30:00+09:00,1,
MNT-TOOL-CNC-S04-L03-01-0001551,CNC-S04-L03-01,planned_tool_change,2026-08-22T16:00:00+09:00,2026-08-22T16:30:00+09:00,1,
MNT-TOOL-CNC-S02-L05-03-0001557,CNC-S02-L05-03,planned_tool_change,2026-08-22T18:00:00+09:00,2026-08-22T18:30:00+09:00,1,
MNT-TOOL-CNC-S02-L01-01-0001560,CNC-S02-L01-01,planned_tool_change,2026-08-22T19:00:00+09:00,2026-08-22T19:30:00+09:00,1,
MNT-TOOL-CNC-S02-L05-02-0001554,CNC-S02-L05-02,planned_tool_change,2026-08-22T19:00:00+09:00,2026-08-22T19:30:00+09:00,1,
MNT-TOOL-CNC-S03-L02-01-0001549,CNC-S03-L02-01,planned_tool_change,2026-08-22T20:20:00+09:00,2026-08-22T20:50:00+09:00,1,
MNT-TOOL-CNC-S02-L01-02-0001565,CNC-S02-L01-02,planned_tool_change,2026-08-22T20:40:00+09:00,2026-08-22T21:10:00+09:00,1,
MNT-TOOL-CNC-S03-L03-02-0001557,CNC-S03-L03-02,planned_tool_change,2026-08-22T21:00:00+09:00,2026-08-22T21:30:00+09:00,1,
MNT-TOOL-CNC-S04-L05-02-0001566,CNC-S04-L05-02,planned_tool_change,2026-08-22T21:00:00+09:00,2026-08-22T21:30:00+09:00,1,
MNT-TOOL-CNC-S02-L01-03-0001567,CNC-S02-L01-03,planned_tool_change,2026-08-22T21:20:00+09:00,2026-08-22T21:50:00+09:00,1,
MNT-TOOL-CNC-S04-L03-04-0001567,CNC-S04-L03-04,planned_tool_change,2026-08-22T21:20:00+09:00,2026-08-22T21:50:00+09:00,1,
MNT-TOOL-CNC-S01-L05-01-0001570,CNC-S01-L05-01,planned_tool_change,2026-08-22T22:20:00+09:00,2026-08-22T22:50:00+09:00,1,
MNT-TOOL-CNC-S03-L01-01-0001571,CNC-S03-L01-01,planned_tool_change,2026-08-22T22:40:00+09:00,2026-08-22T23:10:00+09:00,1,
MNT-EVT-9cde3516c132a905-001,CNC-S04-L03-02,failure_recovery,2026-08-22T23:10:00+09:00,2026-08-23T01:00:00+09:00,1,EVT-9cde3516c132a905-001
MNT-TOOL-CNC-S04-L01-02-0001573,CNC-S04-L01-02,planned_tool_change,2026-08-22T23:20:00+09:00,2026-08-22T23:50:00+09:00,1,
MNT-TOOL-CNC-S03-L04-04-0001574,CNC-S03-L04-04,planned_tool_change,2026-08-22T23:40:00+09:00,2026-08-23T00:10:00+09:00,1,
MNT-TOOL-CNC-S04-L04-02-0001566,CNC-S04-L04-02,planned_tool_change,2026-08-23T01:00:00+09:00,2026-08-23T01:30:00+09:00,1,
MNT-TOOL-CNC-S04-L05-03-0001578,CNC-S04-L05-03,planned_tool_change,2026-08-23T01:00:00+09:00,2026-08-23T01:30:00+09:00,1,
MNT-TOOL-CNC-S01-L02-02-0001566,CNC-S01-L02-02,planned_tool_change,2026-08-23T03:00:00+09:00,2026-08-23T03:30:00+09:00,1,
MNT-TOOL-CNC-S03-L04-01-0001584,CNC-S03-L04-01,planned_tool_change,2026-08-23T03:00:00+09:00,2026-08-23T03:30:00+09:00,1,
MNT-EVT-de3d861d02f87aa2-001,CNC-S04-L02-01,failure_recovery,2026-08-23T04:00:00+09:00,2026-08-23T08:00:00+09:00,0,EVT-de3d861d02f87aa2-001
MNT-EVT-c7b4a1875a400048-001,CNC-S04-L03-03,failure_recovery,2026-08-23T04:10:00+09:00,2026-08-23T06:00:00+09:00,1,EVT-c7b4a1875a400048-001
MNT-TOOL-CNC-S01-L01-02-0001589,CNC-S01-L01-02,planned_tool_change,2026-08-23T04:40:00+09:00,2026-08-23T05:10:00+09:00,1,
MNT-TOOL-CNC-S04-L02-04-0001594,CNC-S04-L02-04,planned_tool_change,2026-08-23T06:20:00+09:00,2026-08-23T06:50:00+09:00,1,
MNT-TOOL-CNC-S03-L05-02-0001595,CNC-S03-L05-02,planned_tool_change,2026-08-23T06:40:00+09:00,2026-08-23T07:10:00+09:00,1,
MNT-TOOL-CNC-S02-L01-04-0001597,CNC-S02-L01-04,planned_tool_change,2026-08-23T07:20:00+09:00,2026-08-23T07:50:00+09:00,1,
MNT-TOOL-CNC-S02-L02-02-0001594,CNC-S02-L02-02,planned_tool_change,2026-08-23T08:10:00+09:00,2026-08-23T08:40:00+09:00,1,
MNT-TOOL-CNC-S02-L03-04-0001601,CNC-S02-L03-04,planned_tool_change,2026-08-23T08:40:00+09:00,2026-08-23T09:10:00+09:00,1,
MNT-EVT-f620214f13b45f78-001,CNC-S02-L01-01,failure_recovery,2026-08-23T09:00:00+09:00,2026-08-23T17:00:00+09:00,0,EVT-f620214f13b45f78-001
MNT-TOOL-CNC-S04-L02-03-0001607,CNC-S04-L02-03,planned_tool_change,2026-08-23T10:40:00+09:00,2026-08-23T11:10:00+09:00,1,
MNT-TOOL-CNC-S03-L04-03-0001588,CNC-S03-L04-03,planned_tool_change,2026-08-23T11:20:00+09:00,2026-08-23T11:50:00+09:00,1,
MNT-TOOL-CNC-S01-L01-01-0001610,CNC-S01-L01-01,planned_tool_change,2026-08-23T11:40:00+09:00,2026-08-23T12:10:00+09:00,1,
MNT-TOOL-CNC-S03-L03-04-0001590,CNC-S03-L03-04,planned_tool_change,2026-08-23T12:20:00+09:00,2026-08-23T12:50:00+09:00,1,
MNT-TOOL-CNC-S03-L05-04-0001606,CNC-S03-L05-04,planned_tool_change,2026-08-23T12:20:00+09:00,2026-08-23T12:50:00+09:00,1,
MNT-TOOL-CNC-S01-L03-03-0001605,CNC-S01-L03-03,planned_tool_change,2026-08-23T15:00:00+09:00,2026-08-23T15:30:00+09:00,1,
MNT-TOOL-CNC-S02-L04-02-0001599,CNC-S02-L04-02,planned_tool_change,2026-08-23T15:00:00+09:00,2026-08-23T15:30:00+09:00,1,
MNT-TOOL-CNC-S01-L02-04-0001611,CNC-S01-L02-04,planned_tool_change,2026-08-23T16:00:00+09:00,2026-08-23T16:30:00+09:00,1,
MNT-TOOL-CNC-S04-L04-01-0001624,CNC-S04-L04-01,planned_tool_change,2026-08-23T22:20:00+09:00,2026-08-23T22:50:00+09:00,1,
MNT-TOOL-CNC-S02-L03-01-0001638,CNC-S02-L03-01,planned_tool_change,2026-08-24T00:50:00+09:00,2026-08-24T01:20:00+09:00,1,
MNT-TOOL-CNC-S04-L04-04-0001646,CNC-S04-L04-04,planned_tool_change,2026-08-24T02:40:00+09:00,2026-08-24T03:10:00+09:00,1,
MNT-EVT-cc0749b1a2c95e7c-001,CMP-S01-L03-01,failure_recovery,2026-08-24T03:00:00+09:00,2026-08-24T13:00:00+09:00,0,EVT-cc0749b1a2c95e7c-001
MNT-TOOL-CNC-S03-L02-02-0001657,CNC-S03-L02-02,planned_tool_change,2026-08-24T03:20:00+09:00,2026-08-24T03:50:00+09:00,1,
MNT-TOOL-CNC-S02-L03-03-0001659,CNC-S02-L03-03,planned_tool_change,2026-08-24T05:50:00+09:00,2026-08-24T06:20:00+09:00,1,
MNT-TOOL-CNC-S02-L02-03-0001648,CNC-S02-L02-03,planned_tool_change,2026-08-24T06:10:00+09:00,2026-08-24T06:40:00+09:00,1,
MNT-TOOL-CNC-S01-L03-01-0001665,CNC-S01-L03-01,planned_tool_change,2026-08-24T06:30:00+09:00,2026-08-24T07:00:00+09:00,1,
MNT-TOOL-CNC-S03-L05-03-0001655,CNC-S03-L05-03,planned_tool_change,2026-08-24T08:30:00+09:00,2026-08-24T09:00:00+09:00,1,
MNT-TOOL-CNC-S01-L05-03-0001654,CNC-S01-L05-03,planned_tool_change,2026-08-24T10:10:00+09:00,2026-08-24T10:40:00+09:00,1,
MNT-EVT-d0b79f5f73ba43c2-001,CNC-S02-L03-04,failure_recovery,2026-08-24T12:00:00+09:00,2026-08-24T18:00:00+09:00,0,EVT-d0b79f5f73ba43c2-001
MNT-TOOL-CNC-S04-L02-02-0001685,CNC-S04-L02-02,planned_tool_change,2026-08-24T13:10:00+09:00,2026-08-24T13:40:00+09:00,1,
MNT-EVT-e603231ab4bd2fcb-001,CNC-S01-L03-01,failure_recovery,2026-08-24T15:00:00+09:00,2026-08-24T22:00:00+09:00,0,EVT-e603231ab4bd2fcb-001
MNT-EVT-d00b55884d464d48-001,CMP-S01-L05-01,failure_recovery,2026-08-24T20:00:00+09:00,2026-08-25T06:00:00+09:00,0,EVT-d00b55884d464d48-001
MNT-TOOL-CNC-S03-L01-04-0001706,CNC-S03-L01-04,planned_tool_change,2026-08-24T20:10:00+09:00,2026-08-24T20:40:00+09:00,1,
MNT-TOOL-CNC-S04-L01-04-0001706,CNC-S04-L01-04,planned_tool_change,2026-08-24T20:10:00+09:00,2026-08-24T20:40:00+09:00,1,
MNT-TOOL-CNC-S02-L04-03-0001702,CNC-S02-L04-03,planned_tool_change,2026-08-24T21:10:00+09:00,2026-08-24T21:40:00+09:00,1,
MNT-TOOL-CNC-S02-L02-01-0001695,CNC-S02-L02-01,planned_tool_change,2026-08-24T21:50:00+09:00,2026-08-24T22:20:00+09:00,1,
MNT-TOOL-CNC-S03-L01-02-0001714,CNC-S03-L01-02,planned_tool_change,2026-08-24T22:50:00+09:00,2026-08-24T23:20:00+09:00,1,
MNT-TOOL-CNC-S01-L05-04-0001715,CNC-S01-L05-04,planned_tool_change,2026-08-24T23:10:00+09:00,2026-08-24T23:40:00+09:00,1,
MNT-TOOL-CNC-S04-L01-03-0001721,CNC-S04-L01-03,planned_tool_change,2026-08-25T01:10:00+09:00,2026-08-25T01:40:00+09:00,1,
MNT-EVT-cbccf127b9f3b35f-001,CNC-S04-L01-03,failure_recovery,2026-08-25T03:00:00+09:00,2026-08-25T07:00:00+09:00,0,EVT-cbccf127b9f3b35f-001
MNT-TOOL-CNC-S01-L05-02-0001729,CNC-S01-L05-02,planned_tool_change,2026-08-25T03:50:00+09:00,2026-08-25T04:20:00+09:00,1,
MNT-TOOL-CNC-S02-L05-04-0001717,CNC-S02-L05-04,planned_tool_change,2026-08-25T03:50:00+09:00,2026-08-25T04:20:00+09:00,1,
MNT-TOOL-CNC-S04-L05-01-0001691,CNC-S04-L05-01,planned_tool_change,2026-08-25T04:10:00+09:00,2026-08-25T04:40:00+09:00,1,
MNT-TOOL-CNC-S04-L05-04-0001720,CNC-S04-L05-04,planned_tool_change,2026-08-25T04:10:00+09:00,2026-08-25T04:40:00+09:00,1,
MNT-TOOL-CNC-S01-L04-03-0001716,CNC-S01-L04-03,planned_tool_change,2026-08-25T04:30:00+09:00,2026-08-25T05:00:00+09:00,1,
MNT-TOOL-CNC-S02-L04-04-0001731,CNC-S02-L04-04,planned_tool_change,2026-08-25T04:30:00+09:00,2026-08-25T05:00:00+09:00,1,
MNT-TOOL-CNC-S03-L05-01-0001722,CNC-S03-L05-01,planned_tool_change,2026-08-25T04:30:00+09:00,2026-08-25T05:00:00+09:00,1,
MNT-EVT-f58dc3151435138f-001,CNC-S01-L04-04,failure_recovery,2026-08-25T05:00:00+09:00,2026-08-25T13:00:00+09:00,0,EVT-f58dc3151435138f-001
MNT-TOOL-CNC-S03-L03-01-0001721,CNC-S03-L03-01,planned_tool_change,2026-08-25T05:10:00+09:00,2026-08-25T05:40:00+09:00,1,
MNT-TOOL-CNC-S02-L04-01-0001734,CNC-S02-L04-01,planned_tool_change,2026-08-25T05:30:00+09:00,2026-08-25T06:00:00+09:00,1,
MNT-TOOL-CNC-S01-L01-04-0001718,CNC-S01-L01-04,planned_tool_change,2026-08-25T06:10:00+09:00,2026-08-25T06:40:00+09:00,1,
MNT-EVT-a4227f810c89921e-001,CNC-S03-L04-01,failure_recovery,2026-08-25T06:10:00+09:00,2026-08-25T11:00:00+09:00,1,EVT-a4227f810c89921e-001
MNT-TOOL-CNC-S03-L03-03-0001737,CNC-S03-L03-03,planned_tool_change,2026-08-25T06:30:00+09:00,2026-08-25T07:00:00+09:00,1,
MNT-TOOL-CNC-S01-L02-03-0001738,CNC-S01-L02-03,planned_tool_change,2026-08-25T06:50:00+09:00,2026-08-25T07:20:00+09:00,1,
MNT-TOOL-CNC-S01-L03-02-0001742,CNC-S01-L03-02,planned_tool_change,2026-08-25T08:10:00+09:00,2026-08-25T08:40:00+09:00,1,
MNT-TOOL-CNC-S02-L02-04-0001743,CNC-S02-L02-04,planned_tool_change,2026-08-25T08:30:00+09:00,2026-08-25T09:00:00+09:00,1,
MNT-EVT-a75191e8f372d6b6-001,CNC-S02-L01-02,failure_recovery,2026-08-25T09:00:00+09:00,2026-08-25T17:00:00+09:00,0,EVT-a75191e8f372d6b6-001
MNT-EVT-bad41c260a8632c5-001,CNC-S04-L01-02,failure_recovery,2026-08-25T09:00:00+09:00,2026-08-25T15:00:00+09:00,0,EVT-bad41c260a8632c5-001
MNT-TOOL-CNC-S04-L02-01-0001733,CNC-S04-L02-01,planned_tool_change,2026-08-25T09:10:00+09:00,2026-08-25T09:40:00+09:00,1,
MNT-TOOL-CNC-S03-L02-04-0001747,CNC-S03-L02-04,planned_tool_change,2026-08-25T09:50:00+09:00,2026-08-25T10:20:00+09:00,1,
MNT-TOOL-CNC-S01-L01-03-0001759,CNC-S01-L01-03,planned_tool_change,2026-08-25T13:50:00+09:00,2026-08-25T14:20:00+09:00,1,
MNT-TOOL-CNC-S03-L01-03-0001761,CNC-S03-L01-03,planned_tool_change,2026-08-25T14:30:00+09:00,2026-08-25T15:00:00+09:00,1,
MNT-TOOL-CNC-S01-L03-04-0001764,CNC-S01-L03-04,planned_tool_change,2026-08-25T15:30:00+09:00,2026-08-25T16:00:00+09:00,1,
MNT-TOOL-CNC-S01-L04-04-0001734,CNC-S01-L04-04,planned_tool_change,2026-08-25T15:50:00+09:00,2026-08-25T16:20:00+09:00,1,
MNT-TOOL-CNC-S02-L03-02-0001745,CNC-S02-L03-02,planned_tool_change,2026-08-25T16:10:00+09:00,2026-08-25T16:40:00+09:00,1,
MNT-TOOL-CNC-S04-L04-03-0001755,CNC-S04-L04-03,planned_tool_change,2026-08-25T16:50:00+09:00,2026-08-25T17:20:00+09:00,1,
MNT-TOOL-CNC-S02-L05-02-0001764,CNC-S02-L05-02,planned_tool_change,2026-08-25T17:30:00+09:00,2026-08-25T18:00:00+09:00,1,
MNT-TOOL-CNC-S03-L04-04-0001770,CNC-S03-L04-04,planned_tool_change,2026-08-25T17:30:00+09:00,2026-08-25T18:00:00+09:00,1,
MNT-TOOL-CNC-S04-L03-01-0001770,CNC-S04-L03-01,planned_tool_change,2026-08-25T17:30:00+09:00,2026-08-25T18:00:00+09:00,1,
MNT-TOOL-CNC-S02-L05-01-0001747,CNC-S02-L05-01,planned_tool_change,2026-08-25T17:50:00+09:00,2026-08-25T18:20:00+09:00,1,
MNT-TOOL-CNC-S01-L04-02-0001762,CNC-S01-L04-02,planned_tool_change,2026-08-25T18:50:00+09:00,2026-08-25T19:20:00+09:00,1,
MNT-TOOL-CNC-S01-L02-01-0001776,CNC-S01-L02-01,planned_tool_change,2026-08-25T19:30:00+09:00,2026-08-25T20:00:00+09:00,1,
MNT-TOOL-CNC-S02-L01-03-0001781,CNC-S02-L01-03,planned_tool_change,2026-08-25T21:10:00+09:00,2026-08-25T21:40:00+09:00,1,
MNT-TOOL-CNC-S04-L01-01-0001787,CNC-S04-L01-01,planned_tool_change,2026-08-25T23:10:00+09:00,2026-08-25T23:40:00+09:00,1,
MNT-TOOL-CNC-S01-L04-01-0001773,CNC-S01-L04-01,planned_tool_change,2026-08-26T00:30:00+09:00,2026-08-26T01:00:00+09:00,1,
MNT-TOOL-CNC-S03-L02-03-0001767,CNC-S03-L02-03,planned_tool_change,2026-08-26T00:30:00+09:00,2026-08-26T01:00:00+09:00,1,
MNT-TOOL-CNC-S04-L04-02-0001779,CNC-S04-L04-02,planned_tool_change,2026-08-26T00:30:00+09:00,2026-08-26T01:00:00+09:00,1,
MNT-TOOL-CNC-S01-L05-01-0001793,CNC-S01-L05-01,planned_tool_change,2026-08-26T01:10:00+09:00,2026-08-26T01:40:00+09:00,1,
MNT-TOOL-CNC-S03-L05-02-0001793,CNC-S03-L05-02,planned_tool_change,2026-08-26T01:10:00+09:00,2026-08-26T01:40:00+09:00,1,
MNT-TOOL-CNC-S04-L05-03-0001794,CNC-S04-L05-03,planned_tool_change,2026-08-26T01:30:00+09:00,2026-08-26T02:00:00+09:00,1,
MNT-TOOL-CNC-S03-L02-01-0001785,CNC-S03-L02-01,planned_tool_change,2026-08-26T03:30:00+09:00,2026-08-26T04:00:00+09:00,1,
MNT-TOOL-CNC-S03-L04-02-0001800,CNC-S03-L04-02,planned_tool_change,2026-08-26T03:30:00+09:00,2026-08-26T04:00:00+09:00,1,
MNT-TOOL-CNC-S03-L01-01-0001801,CNC-S03-L01-01,planned_tool_change,2026-08-26T03:50:00+09:00,2026-08-26T04:20:00+09:00,1,
MNT-TOOL-CNC-S04-L03-03-0001798,CNC-S04-L03-03,planned_tool_change,2026-08-26T04:10:00+09:00,2026-08-26T04:40:00+09:00,1,
MNT-TOOL-CNC-S04-L05-02-0001803,CNC-S04-L05-02,planned_tool_change,2026-08-26T04:30:00+09:00,2026-08-26T05:00:00+09:00,1,
MNT-TOOL-CNC-S02-L05-03-0001805,CNC-S02-L05-03,planned_tool_change,2026-08-26T05:10:00+09:00,2026-08-26T05:40:00+09:00,1,
MNT-TOOL-CNC-S04-L03-04-0001809,CNC-S04-L03-04,planned_tool_change,2026-08-26T06:30:00+09:00,2026-08-26T07:00:00+09:00,1,
MNT-TOOL-CNC-S02-L01-01-0001786,CNC-S02-L01-01,planned_tool_change,2026-08-26T06:50:00+09:00,2026-08-26T07:20:00+09:00,1,
MNT-TOOL-CNC-S04-L03-02-0001805,CNC-S04-L03-02,planned_tool_change,2026-08-26T07:00:00+09:00,2026-08-26T07:30:00+09:00,1,
MNT-TOOL-CNC-S04-L02-04-0001811,CNC-S04-L02-04,planned_tool_change,2026-08-26T07:10:00+09:00,2026-08-26T07:40:00+09:00,1,
MNT-TOOL-CNC-S03-L03-02-0001804,CNC-S03-L03-02,planned_tool_change,2026-08-26T07:50:00+09:00,2026-08-26T08:20:00+09:00,1,
MNT-TOOL-CNC-S01-L01-02-0001818,CNC-S01-L01-02,planned_tool_change,2026-08-26T09:30:00+09:00,2026-08-26T10:00:00+09:00,1,
MNT-TOOL-CNC-S02-L01-02-0001794,CNC-S02-L01-02,planned_tool_change,2026-08-26T09:30:00+09:00,2026-08-26T10:00:00+09:00,1,
MNT-TOOL-CNC-S02-L02-02-0001813,CNC-S02-L02-02,planned_tool_change,2026-08-26T09:40:00+09:00,2026-08-26T10:10:00+09:00,1,
MNT-TOOL-CNC-S01-L02-02-0001801,CNC-S01-L02-02,planned_tool_change,2026-08-26T09:50:00+09:00,2026-08-26T10:20:00+09:00,1,
MNT-TOOL-CNC-S03-L04-03-0001799,CNC-S03-L04-03,planned_tool_change,2026-08-26T10:10:00+09:00,2026-08-26T10:40:00+09:00,1,
MNT-TOOL-CNC-S04-L01-02-0001802,CNC-S04-L01-02,planned_tool_change,2026-08-26T10:10:00+09:00,2026-08-26T10:40:00+09:00,1,
MNT-TOOL-CNC-S03-L05-04-0001815,CNC-S03-L05-04,planned_tool_change,2026-08-26T10:30:00+09:00,2026-08-26T11:00:00+09:00,1,
MNT-TOOL-CNC-S01-L03-03-0001807,CNC-S01-L03-03,planned_tool_change,2026-08-26T10:50:00+09:00,2026-08-26T11:20:00+09:00,1,
MNT-TOOL-CNC-S02-L01-04-0001825,CNC-S02-L01-04,planned_tool_change,2026-08-26T11:50:00+09:00,2026-08-26T12:20:00+09:00,1,
MNT-TOOL-CNC-S03-L03-04-0001813,CNC-S03-L03-04,planned_tool_change,2026-08-26T15:10:00+09:00,2026-08-26T15:40:00+09:00,1,
MNT-TOOL-CNC-S02-L03-01-0001827,CNC-S02-L03-01,planned_tool_change,2026-08-26T16:20:00+09:00,2026-08-26T16:50:00+09:00,1,
MNT-TOOL-CNC-S02-L03-04-0001826,CNC-S02-L03-04,planned_tool_change,2026-08-26T18:10:00+09:00,2026-08-26T18:40:00+09:00,1,
MNT-TOOL-CNC-S04-L04-01-0001826,CNC-S04-L04-01,planned_tool_change,2026-08-26T18:10:00+09:00,2026-08-26T18:40:00+09:00,1,
MNT-TOOL-CNC-S02-L04-02-0001828,CNC-S02-L04-02,planned_tool_change,2026-08-26T19:50:00+09:00,2026-08-26T20:20:00+09:00,1,
MNT-TOOL-CNC-S01-L01-01-0001852,CNC-S01-L01-01,planned_tool_change,2026-08-26T20:50:00+09:00,2026-08-26T21:20:00+09:00,1,
MNT-TOOL-CNC-S04-L02-03-0001854,CNC-S04-L02-03,planned_tool_change,2026-08-26T21:30:00+09:00,2026-08-26T22:00:00+09:00,1,
MNT-TOOL-CNC-S02-L02-03-0001839,CNC-S02-L02-03,planned_tool_change,2026-08-26T22:20:00+09:00,2026-08-26T22:50:00+09:00,1,
MNT-TOOL-CNC-S01-L02-04-0001846,CNC-S01-L02-04,planned_tool_change,2026-08-26T22:50:00+09:00,2026-08-26T23:20:00+09:00,1,
MNT-TOOL-CNC-S03-L02-02-0001884,CNC-S03-L02-02,planned_tool_change,2026-08-27T07:30:00+09:00,2026-08-27T08:00:00+09:00,1,
MNT-TOOL-CNC-S01-L05-03-0001865,CNC-S01-L05-03,planned_tool_change,2026-08-27T09:00:00+09:00,2026-08-27T09:30:00+09:00,1,
MNT-EVT-a0f47d883f69c423-001,CNC-S02-L05-03,failure_recovery,2026-08-27T10:00:00+09:00,2026-08-27T15:00:00+09:00,0,EVT-a0f47d883f69c423-001
MNT-TOOL-CNC-S03-L05-03-0001882,CNC-S03-L05-03,planned_tool_change,2026-08-27T12:40:00+09:00,2026-08-27T13:10:00+09:00,1,
MNT-TOOL-CNC-S01-L03-01-0001883,CNC-S01-L03-01,planned_tool_change,2026-08-27T14:40:00+09:00,2026-08-27T15:10:00+09:00,1,
MNT-TOOL-CNC-S03-L01-04-0001904,CNC-S03-L01-04,planned_tool_change,2026-08-27T14:40:00+09:00,2026-08-27T15:10:00+09:00,1,
MNT-TOOL-CNC-S04-L04-04-0001899,CNC-S04-L04-04,planned_tool_change,2026-08-27T15:30:00+09:00,2026-08-27T16:00:00+09:00,1,
MNT-TOOL-CNC-S02-L03-03-0001903,CNC-S02-L03-03,planned_tool_change,2026-08-27T15:40:00+09:00,2026-08-27T16:10:00+09:00,1,
MNT-TOOL-CNC-S04-L01-04-0001910,CNC-S04-L01-04,planned_tool_change,2026-08-27T16:40:00+09:00,2026-08-27T17:10:00+09:00,1,
MNT-TOOL-CNC-S03-L01-02-0001928,CNC-S03-L01-02,planned_tool_change,2026-08-27T22:40:00+09:00,2026-08-27T23:10:00+09:00,1,
MNT-TOOL-CNC-S01-L04-03-0001915,CNC-S01-L04-03,planned_tool_change,2026-08-27T23:20:00+09:00,2026-08-27T23:50:00+09:00,1,
MNT-EVT-15c53b705e117eac-001,CNC-S02-L05-01,failure_recovery,2026-08-28T01:00:00+09:00,2026-08-28T09:00:00+09:00,0,EVT-15c53b705e117eac-001
MNT-TOOL-CNC-S04-L02-02-0001937,CNC-S04-L02-02,planned_tool_change,2026-08-28T01:40:00+09:00,2026-08-28T02:10:00+09:00,1,
MNT-EVT-fdd4b687ecc1c84b-001,CNC-S03-L01-01,failure_recovery,2026-08-28T02:00:00+09:00,2026-08-28T08:00:00+09:00,0,EVT-fdd4b687ecc1c84b-001
MNT-TOOL-CNC-S04-L05-04-0001933,CNC-S04-L05-04,planned_tool_change,2026-08-28T03:40:00+09:00,2026-08-28T04:10:00+09:00,1,
MNT-TOOL-CNC-S02-L04-01-0001947,CNC-S02-L04-01,planned_tool_change,2026-08-28T05:00:00+09:00,2026-08-28T05:30:00+09:00,1,
MNT-TOOL-CNC-S03-L03-01-0001935,CNC-S03-L03-01,planned_tool_change,2026-08-28T05:00:00+09:00,2026-08-28T05:30:00+09:00,1,
MNT-TOOL-CNC-S01-L05-02-0001948,CNC-S01-L05-02,planned_tool_change,2026-08-28T05:20:00+09:00,2026-08-28T05:50:00+09:00,1,
MNT-TOOL-CNC-S04-L01-03-0001937,CNC-S04-L01-03,planned_tool_change,2026-08-28T05:40:00+09:00,2026-08-28T06:10:00+09:00,1,
MNT-TOOL-CNC-S02-L02-01-0001935,CNC-S02-L02-01,planned_tool_change,2026-08-28T06:20:00+09:00,2026-08-28T06:50:00+09:00,1,
MNT-TOOL-CNC-S02-L05-04-0001939,CNC-S02-L05-04,planned_tool_change,2026-08-28T06:20:00+09:00,2026-08-28T06:50:00+09:00,1,
MNT-TOOL-CNC-S02-L02-04-0001952,CNC-S02-L02-04,planned_tool_change,2026-08-28T06:40:00+09:00,2026-08-28T07:10:00+09:00,1,
MNT-TOOL-CNC-S01-L01-04-0001936,CNC-S01-L01-04,planned_tool_change,2026-08-28T07:20:00+09:00,2026-08-28T07:50:00+09:00,1,
MNT-TOOL-CNC-S04-L05-01-0001920,CNC-S04-L05-01,planned_tool_change,2026-08-28T09:00:00+09:00,2026-08-28T09:30:00+09:00,1,
MNT-TOOL-CNC-S01-L05-04-0001963,CNC-S01-L05-04,planned_tool_change,2026-08-28T10:20:00+09:00,2026-08-28T10:50:00+09:00,1,
MNT-TOOL-CNC-S02-L04-03-0001956,CNC-S02-L04-03,planned_tool_change,2026-08-28T10:20:00+09:00,2026-08-28T10:50:00+09:00,1,
MNT-EVT-49dfb738a8c3bf91-001,CMP-S04-L01-01,failure_recovery,2026-08-28T11:00:00+09:00,2026-08-28T16:00:00+09:00,0,EVT-49dfb738a8c3bf91-001
MNT-TOOL-CNC-S01-L03-04-0001966,CNC-S01-L03-04,planned_tool_change,2026-08-28T11:20:00+09:00,2026-08-28T11:50:00+09:00,1,
MNT-TOOL-CNC-S03-L02-04-0001968,CNC-S03-L02-04,planned_tool_change,2026-08-28T12:00:00+09:00,2026-08-28T12:30:00+09:00,1,
MNT-TOOL-CNC-S03-L04-01-0001955,CNC-S03-L04-01,planned_tool_change,2026-08-28T12:00:00+09:00,2026-08-28T12:30:00+09:00,1,
MNT-TOOL-CNC-S03-L05-01-0001960,CNC-S03-L05-01,planned_tool_change,2026-08-28T12:20:00+09:00,2026-08-28T12:50:00+09:00,1,
MNT-TOOL-CNC-S03-L03-03-0001970,CNC-S03-L03-03,planned_tool_change,2026-08-28T12:40:00+09:00,2026-08-28T13:10:00+09:00,1,
MNT-TOOL-CNC-S04-L03-01-0001971,CNC-S04-L03-01,planned_tool_change,2026-08-28T13:00:00+09:00,2026-08-28T13:30:00+09:00,1,
MNT-TOOL-CNC-S02-L04-04-0001976,CNC-S02-L04-04,planned_tool_change,2026-08-28T14:40:00+09:00,2026-08-28T15:10:00+09:00,1,
MNT-TOOL-CNC-S03-L04-04-0001978,CNC-S03-L04-04,planned_tool_change,2026-08-28T15:20:00+09:00,2026-08-28T15:50:00+09:00,1,
MNT-TOOL-CNC-S01-L04-01-0001967,CNC-S01-L04-01,planned_tool_change,2026-08-28T17:40:00+09:00,2026-08-28T18:10:00+09:00,1,
MNT-TOOL-CNC-S04-L02-01-0001973,CNC-S04-L02-01,planned_tool_change,2026-08-28T17:40:00+09:00,2026-08-28T18:10:00+09:00,1,
MNT-TOOL-CNC-S02-L05-02-0001981,CNC-S02-L05-02,planned_tool_change,2026-08-28T18:20:00+09:00,2026-08-28T18:50:00+09:00,1,
MNT-TOOL-CNC-S02-L01-03-0001988,CNC-S02-L01-03,planned_tool_change,2026-08-28T18:40:00+09:00,2026-08-28T19:10:00+09:00,1,
MNT-TOOL-CNC-S01-L04-04-0001958,CNC-S01-L04-04,planned_tool_change,2026-08-28T19:00:00+09:00,2026-08-28T19:30:00+09:00,1,
MNT-EVT-c1827d74e765979b-001,CNC-S02-L02-04,failure_recovery,2026-08-28T19:00:00+09:00,2026-08-28T22:00:00+09:00,0,EVT-c1827d74e765979b-001
MNT-TOOL-CNC-S01-L02-03-0001991,CNC-S01-L02-03,planned_tool_change,2026-08-28T19:40:00+09:00,2026-08-28T20:10:00+09:00,1,
MNT-TOOL-CNC-S01-L03-02-0001991,CNC-S01-L03-02,planned_tool_change,2026-08-28T19:40:00+09:00,2026-08-28T20:10:00+09:00,1,
MNT-EVT-618c201baa0a73fa-001,CNC-S03-L02-01,failure_recovery,2026-08-28T20:10:00+09:00,2026-08-28T23:00:00+09:00,1,EVT-618c201baa0a73fa-001
MNT-TOOL-CNC-S01-L01-03-0001993,CNC-S01-L01-03,planned_tool_change,2026-08-28T20:20:00+09:00,2026-08-28T20:50:00+09:00,1,
MNT-TOOL-CNC-S03-L04-02-0001994,CNC-S03-L04-02,planned_tool_change,2026-08-28T20:40:00+09:00,2026-08-28T21:10:00+09:00,1,
MNT-TOOL-CNC-S01-L04-02-0001984,CNC-S01-L04-02,planned_tool_change,2026-08-28T21:20:00+09:00,2026-08-28T21:50:00+09:00,1,
MNT-TOOL-CNC-S01-L05-01-0001996,CNC-S01-L05-01,planned_tool_change,2026-08-28T21:20:00+09:00,2026-08-28T21:50:00+09:00,1,
MNT-EVT-2b7894abb96a9fd7-001,CNC-S04-L02-03,failure_recovery,2026-08-28T22:00:00+09:00,2026-08-29T00:00:00+09:00,0,EVT-2b7894abb96a9fd7-001
MNT-TOOL-CNC-S02-L03-02-0001987,CNC-S02-L03-02,planned_tool_change,2026-08-29T01:20:00+09:00,2026-08-29T01:50:00+09:00,1,
MNT-TOOL-CNC-S03-L05-02-0002008,CNC-S03-L05-02,planned_tool_change,2026-08-29T01:20:00+09:00,2026-08-29T01:50:00+09:00,1,
MNT-TOOL-CNC-S02-L01-01-0001985,CNC-S02-L01-01,planned_tool_change,2026-08-29T01:40:00+09:00,2026-08-29T02:10:00+09:00,1,
MNT-TOOL-CNC-S04-L01-01-0002009,CNC-S04-L01-01,planned_tool_change,2026-08-29T01:40:00+09:00,2026-08-29T02:10:00+09:00,1,
MNT-TOOL-CNC-S04-L03-03-0002006,CNC-S04-L03-03,planned_tool_change,2026-08-29T02:00:00+09:00,2026-08-29T02:30:00+09:00,1,
MNT-TOOL-CNC-S04-L05-02-0002011,CNC-S04-L05-02,planned_tool_change,2026-08-29T02:20:00+09:00,2026-08-29T02:50:00+09:00,1,
MNT-TOOL-CNC-S01-L02-01-0002012,CNC-S01-L02-01,planned_tool_change,2026-08-29T02:40:00+09:00,2026-08-29T03:10:00+09:00,1,
MNT-TOOL-CNC-S03-L01-03-0002012,CNC-S03-L01-03,planned_tool_change,2026-08-29T02:40:00+09:00,2026-08-29T03:10:00+09:00,1,
MNT-TOOL-CNC-S04-L04-03-0002000,CNC-S04-L04-03,planned_tool_change,2026-08-29T03:00:00+09:00,2026-08-29T03:30:00+09:00,1,
MNT-TOOL-CNC-S03-L04-03-0001997,CNC-S03-L04-03,planned_tool_change,2026-08-29T04:40:00+09:00,2026-08-29T05:10:00+09:00,1,
MNT-TOOL-CNC-S04-L04-02-0002006,CNC-S04-L04-02,planned_tool_change,2026-08-29T04:40:00+09:00,2026-08-29T05:10:00+09:00,1,
MNT-TOOL-CNC-S02-L05-03-0002005,CNC-S02-L05-03,planned_tool_change,2026-08-29T05:20:00+09:00,2026-08-29T05:50:00+09:00,1,
MNT-TOOL-CNC-S03-L02-03-0001996,CNC-S03-L02-03,planned_tool_change,2026-08-29T05:20:00+09:00,2026-08-29T05:50:00+09:00,1,
MNT-TOOL-CNC-S04-L02-04-0002025,CNC-S04-L02-04,planned_tool_change,2026-08-29T07:00:00+09:00,2026-08-29T07:30:00+09:00,1,
MNT-TOOL-CNC-S03-L03-02-0002018,CNC-S03-L03-02,planned_tool_change,2026-08-29T07:40:00+09:00,2026-08-29T08:10:00+09:00,1,
MNT-EVT-f0c2d0dce47cd070-001,CNC-S03-L02-04,failure_recovery,2026-08-29T08:00:00+09:00,2026-08-29T16:00:00+09:00,0,EVT-f0c2d0dce47cd070-001
MNT-TOOL-CNC-S04-L03-02-0002025,CNC-S04-L03-02,planned_tool_change,2026-08-29T08:50:00+09:00,2026-08-29T09:20:00+09:00,1,
MNT-TOOL-CNC-S02-L05-01-0001985,CNC-S02-L05-01,planned_tool_change,2026-08-29T09:40:00+09:00,2026-08-29T10:10:00+09:00,1,
MNT-TOOL-CNC-S02-L03-01-0002024,CNC-S02-L03-01,planned_tool_change,2026-08-29T10:30:00+09:00,2026-08-29T11:00:00+09:00,1,
MNT-TOOL-CNC-S01-L01-02-0002039,CNC-S01-L01-02,planned_tool_change,2026-08-29T11:40:00+09:00,2026-08-29T12:10:00+09:00,1,
MNT-TOOL-CNC-S03-L05-04-0002033,CNC-S03-L05-04,planned_tool_change,2026-08-29T11:40:00+09:00,2026-08-29T12:10:00+09:00,1,
MNT-TOOL-CNC-S04-L03-04-0002039,CNC-S04-L03-04,planned_tool_change,2026-08-29T11:40:00+09:00,2026-08-29T12:10:00+09:00,1,
MNT-TOOL-CNC-S01-L02-02-0002028,CNC-S01-L02-02,planned_tool_change,2026-08-29T14:00:00+09:00,2026-08-29T14:30:00+09:00,1,
MNT-TOOL-CNC-S04-L05-03-0002047,CNC-S04-L05-03,planned_tool_change,2026-08-29T14:20:00+09:00,2026-08-29T14:50:00+09:00,1,
MNT-TOOL-CNC-S02-L02-02-0002044,CNC-S02-L02-02,planned_tool_change,2026-08-29T15:10:00+09:00,2026-08-29T15:40:00+09:00,1,
MNT-TOOL-CNC-S03-L03-04-0002029,CNC-S03-L03-04,planned_tool_change,2026-08-29T15:40:00+09:00,2026-08-29T16:10:00+09:00,1,
MNT-TOOL-CNC-S02-L01-02-0002033,CNC-S02-L01-02,planned_tool_change,2026-08-29T17:40:00+09:00,2026-08-29T18:10:00+09:00,1,
MNT-TOOL-CNC-S01-L01-01-0002059,CNC-S01-L01-01,planned_tool_change,2026-08-29T18:20:00+09:00,2026-08-29T18:50:00+09:00,1,
MNT-TOOL-CNC-S01-L03-03-0002047,CNC-S01-L03-03,planned_tool_change,2026-08-29T19:20:00+09:00,2026-08-29T19:50:00+09:00,1,
MNT-TOOL-CNC-S03-L01-01-0002049,CNC-S03-L01-01,planned_tool_change,2026-08-29T21:00:00+09:00,2026-08-29T21:30:00+09:00,1,
MNT-TOOL-CNC-S04-L01-02-0002050,CNC-S04-L01-02,planned_tool_change,2026-08-29T21:20:00+09:00,2026-08-29T21:50:00+09:00,1,
MNT-TOOL-CNC-S02-L01-04-0002070,CNC-S02-L01-04,planned_tool_change,2026-08-29T22:00:00+09:00,2026-08-29T22:30:00+09:00,1,
MNT-TOOL-CNC-S02-L04-02-0002054,CNC-S02-L04-02,planned_tool_change,2026-08-29T23:40:00+09:00,2026-08-30T00:10:00+09:00,1,
MNT-TOOL-CNC-S04-L02-03-0002069,CNC-S04-L02-03,planned_tool_change,2026-08-29T23:40:00+09:00,2026-08-30T00:10:00+09:00,1,
MNT-TOOL-CNC-S04-L04-01-0002074,CNC-S04-L04-01,planned_tool_change,2026-08-30T05:20:00+09:00,2026-08-30T05:50:00+09:00,1,
MNT-TOOL-CNC-S02-L03-04-0002077,CNC-S02-L03-04,planned_tool_change,2026-08-30T06:20:00+09:00,2026-08-30T06:50:00+09:00,1,
MNT-TOOL-CNC-S02-L02-03-0002084,CNC-S02-L02-03,planned_tool_change,2026-08-30T08:30:00+09:00,2026-08-30T09:00:00+09:00,1,
MNT-TOOL-CNC-S03-L02-02-0002103,CNC-S03-L02-02,planned_tool_change,2026-08-30T09:00:00+09:00,2026-08-30T09:30:00+09:00,1,
MNT-TOOL-CNC-S01-L02-04-0002093,CNC-S01-L02-04,planned_tool_change,2026-08-30T09:40:00+09:00,2026-08-30T10:10:00+09:00,1,
MNT-TOOL-CNC-S01-L03-01-0002087,CNC-S01-L03-01,planned_tool_change,2026-08-30T11:10:00+09:00,2026-08-30T11:40:00+09:00,1,
MNT-TOOL-CNC-S03-L05-03-0002097,CNC-S03-L05-03,planned_tool_change,2026-08-30T12:50:00+09:00,2026-08-30T13:20:00+09:00,1,
MNT-TOOL-CNC-S04-L01-04-0002114,CNC-S04-L01-04,planned_tool_change,2026-08-30T13:10:00+09:00,2026-08-30T13:40:00+09:00,1,
MNT-TOOL-CNC-S01-L05-03-0002102,CNC-S01-L05-03,planned_tool_change,2026-08-30T16:30:00+09:00,2026-08-30T17:00:00+09:00,1,
MNT-EVT-13bc1a3c083ec926-001,CNC-S01-L05-02,failure_recovery,2026-08-30T20:10:00+09:00,2026-08-30T22:00:00+09:00,1,EVT-13bc1a3c083ec926-001
MNT-TOOL-CNC-S04-L04-04-0002133,CNC-S04-L04-04,planned_tool_change,2026-08-30T22:00:00+09:00,2026-08-30T22:30:00+09:00,1,
MNT-TOOL-CNC-S02-L03-03-0002141,CNC-S02-L03-03,planned_tool_change,2026-08-30T23:30:00+09:00,2026-08-31T00:00:00+09:00,1,
MNT-TOOL-CNC-S02-L04-01-0002145,CNC-S02-L04-01,planned_tool_change,2026-08-30T23:30:00+09:00,2026-08-31T00:00:00+09:00,1,
